Polygon_ID,Maxar_Group_ID,Zoning_ID,X_coord,Y_coord,DISTRICTE,Area,Perimeter,MBG_Width,MBG_Length,Aspect_Ratio,Height,AMSL,GLH,Typology,Match_Score,Confidence_Score,Convexity,Solidity,Elongation,Rectangularity,Form_ratio,cv_fold,iou,match_dist_m,footprint_ratio,cad_current_use,period,recorded_floors,cad_official_gfa_m2,year_built,match_ok,Prob_Mixed-Use,Prob_Amenities,Prob_Institutional,Prob_Residential,Predicted
900001,1,69,427788.185,4581393.563,5,164.12,57.24,7.76,14.06,1.116,5.76,241.86,80.07,Mixed-Use,6,0.649,0.821,0.849,0.89,0.791,0.222,2,0.783,11.09,1.406,residential,<1950,2.0,328.2,1935.0,True,0.2625,0.1684,0.3238,0.2452,Institutional
900002,2,33,426055.505,4583078.08,7,133.53,50.86,10.4,17.04,2.317,9.69,220.6,74.02,Mixed-Use,7,0.594,0.987,0.861,0.798,0.974,0.777,4,0.023,9.48,0.725,residential,<1950,3.0,400.6,1935.0,False,0.3116,0.1797,0.172,0.3366,Residential
900003,3,68,427104.569,4583606.442,5,247.73,59.8,12.03,28.3,1.441,3.19,131.12,160.89,Mixed-Use,11,0.202,0.888,0.918,0.27,0.636,0.979,1,0.692,9.3,0.401,residential,,,,,True,0.5495,0.0492,0.3949,0.0064,Mixed-Use
900004,4,74,428805.242,4583351.112,5,161.41,45.87,12.55,22.26,2.814,22.54,181.26,148.99,Institutional,3,0.92,0.79,0.882,0.825,0.676,0.306,4,0.373,11.22,1.287,agriculture,<1950,8.0,1291.3,1935.0,False,0.1018,0.4391,0.2088,0.2503,Amenities
900005,5,69,428032.846,4584531.78,5,96.69,45.12,6.89,10.47,2.976,3.36,63.89,109.56,Amenities,8,0.052,0.848,0.95,0.84,0.654,0.326,4,0.541,8.42,1.061,residential,,,,,True,0.0434,0.0122,0.2856,0.6588,Residential
900006,6,7,426587.551,4582325.145,6,198.2,64.63,10.73,20.77,1.094,11.66,65.22,55.48,Mixed-Use,5,0.841,0.811,0.763,0.43,0.54,1.071,4,0.724,0.73,1.341,residential,,,,,True,0.1939,0.1315,0.4679,0.2067,Institutional
900007,7,23,425464.2,4583560.374,5,421.24,78.9,17.78,28.34,2.619,3.79,146.61,229.5,Mixed-Use,11,0.989,0.984,0.941,0.866,0.803,0.459,3,0.564,11.16,2.024,residential,1950-1962,1.0,421.2,1956.0,True,0.2102,0.4701,0.193,0.1267,Amenities
900008,8,79,426540.882,4580897.465,5,316.61,68.5,15.7,18.53,1.578,13.24,219.16,89.65,Mixed-Use,10,0.358,0.817,0.936,0.498,0.822,1.189,4,0.028,10.42,1.925,residential,,,,,False,0.0213,0.3844,0.2026,0.3917,Residential
900009,9,71,425986.52,4583264.409,5,84.52,40.19,8.05,14.37,2.026,5.69,237.38,206.35,Residential,8,0.669,0.865,0.762,0.289,0.82,0.684,4,0.44,10.93,1.134,public services,1950-1962,2.0,169.0,1956.0,False,0.0156,0.2052,0.563,0.2161,Institutional
900010,10,8,427726.33,4580660.007,6,53.93,32.34,6.85,10.31,2.427,7.67,219.11,41.35,Mixed-Use,3,0.86,0.716,0.718,0.612,0.734,0.643,1,0.06,10.54,1.928,residential,,,,,False,0.0481,0.1533,0.4565,0.342,Institutional
900011,11,2,427112.018,4583979.897,5,90.14,38.35,9.25,14.25,2.388,7.24,62.78,139.94,Institutional,10,0.552,0.703,0.738,0.592,0.682,0.64,3,0.749,11.6,1.446,residential,,,,,True,0.2225,0.3669,0.0963,0.3143,Amenities
900012,12,60,426794.012,4584059.878,5,153.4,53.67,11.01,13.73,2.307,12.88,230.19,58.15,Residential,5,0.018,0.843,0.834,0.619,0.577,0.455,4,0.194,6.67,1.19,residential,<1950,4.0,613.6,1935.0,False,0.3017,0.0633,0.0842,0.5507,Residential
900013,13,35,426931.85,4580696.358,7,23.1,21.89,3.87,5.55,1.485,5.89,59.99,187.52,Mixed-Use,5,0.247,0.779,0.866,0.518,0.789,0.397,2,0.552,2.62,0.673,residential,>1994,2.0,46.2,2004.0,True,0.4197,0.0613,0.2715,0.2475,Mixed-Use
900014,14,58,427039.961,4584624.725,5,124.58,49.16,10.03,17.53,1.072,1.37,157.94,167.5,Mixed-Use,1,0.612,0.816,0.769,0.308,0.519,1.128,4,0.86,10.66,1.282,residential,,,,,True,0.3002,0.4078,0.0192,0.2728,Amenities
900015,15,72,427131.071,4582445.686,5,54.78,29.96,7.35,12.89,2.673,4.63,198.83,9.15,Mixed-Use,3,0.158,0.813,0.844,0.405,0.826,0.619,4,0.6,3.91,0.408,residential,,,,,True,0.192,0.4058,0.3225,0.0797,Amenities
900016,16,61,426635.666,4584566.16,7,82.61,40.59,5.47,11.68,1.768,7.78,77.2,234.62,Institutional,8,0.072,0.913,0.827,0.94,0.777,0.757,0,0.717,9.43,1.252,residential,,,,,True,0.1473,0.0634,0.487,0.3023,Institutional
900017,17,34,428798.426,4584325.247,6,96.02,38.44,8.87,17.51,2.732,5.52,180.32,136.58,Mixed-Use,1,0.99,0.747,0.895,0.829,0.516,0.393,4,0.831,2.19,1.827,residential,,,,,True,0.2445,0.1415,0.1665,0.4476,Residential
900018,18,20,427645.86,4581767.018,6,115.23,39.31,8.3,12.62,2.384,10.73,133.99,226.75,Mixed-Use,0,0.0,0.988,0.942,0.5,0.584,1.02,2,0.77,9.64,1.015,residential,1950-1962,4.0,460.9,1956.0,True,0.0607,0.2229,0.369,0.3474,Institutional
900019,19,68,425056.461,4583644.92,5,206.29,51.8,12.55,16.52,1.677,12.29,167.01,216.96,Mixed-Use,11,0.026,0.722,0.735,0.369,0.901,0.797,2,0.629,5.4,2.139,public services,<1950,4.0,825.2,1935.0,True,0.1116,0.4805,0.1113,0.2966,Amenities
900020,20,60,427053.281,4584407.635,5,341.73,81.25,12.69,29.26,1.64,6.48,188.92,180.51,Institutional,1,0.088,0.77,0.999,0.322,0.574,0.342,2,0.185,8.12,0.435,agriculture,<1950,2.0,683.5,1935.0,False,0.2513,0.1433,0.3627,0.2427,Institutional
900021,21,28,426125.005,4584994.711,5,133.91,44.57,8.0,13.95,1.843,3.1,106.87,186.59,Mixed-Use,9,0.704,0.742,0.793,0.531,0.539,0.859,0,0.857,11.9,2.048,residential,,,,,True,0.374,0.0531,0.3493,0.2235,Mixed-Use
900022,22,42,427977.228,4581266.929,5,442.82,84.3,19.13,37.11,2.234,15.05,159.81,191.59,Mixed-Use,4,0.007,0.832,0.72,0.234,0.611,1.028,4,0.224,4.74,1.002,residential,<1950,5.0,2214.1,1935.0,False,0.0191,0.3903,0.4553,0.1353,Institutional
900023,23,8,429196.897,4583944.924,5,87.17,40.12,8.44,9.69,2.109,12.75,161.35,41.33,Mixed-Use,11,0.644,0.729,0.865,0.815,0.62,0.979,2,0.769,7.06,2.055,office,,,,,True,0.2197,0.1932,0.3244,0.2627,Institutional
900024,24,4,428716.834,4581935.153,7,196.61,50.8,12.14,20.39,2.541,5.96,50.22,82.36,Mixed-Use,5,0.873,0.74,0.751,0.904,0.982,0.322,1,0.848,11.37,1.362,residential,,,,,True,0.1246,0.0752,0.6512,0.1491,Institutional
900025,25,35,425615.036,4580340.236,5,305.75,71.95,10.8,28.71,2.587,22.41,93.08,178.56,Mixed-Use,6,0.903,0.818,0.926,0.412,0.719,1.032,3,0.458,6.13,1.879,residential,<1950,7.0,2140.2,1935.0,False,0.562,0.0903,0.0776,0.2701,Mixed-Use
900026,26,8,427502.51,4581403.978,6,160.01,47.07,9.81,20.15,1.641,5.8,29.89,146.67,Institutional,7,0.105,0.701,0.736,0.849,0.632,0.675,0,0.631,8.15,1.988,residential,<1950,2.0,320.0,1935.0,True,0.1473,0.5194,0.164,0.1694,Amenities
900027,27,54,427327.573,4580796.092,5,81.88,33.71,6.38,16.0,1.548,3.76,191.67,10.35,Residential,6,0.244,0.97,0.771,0.802,0.881,0.864,2,0.373,6.83,0.762,residential,>1994,1.0,81.9,2004.0,False,0.2133,0.0633,0.3406,0.3828,Residential
900028,28,23,427197.935,4583610.802,5,71.0,35.14,5.26,9.97,2.027,6.45,147.6,232.7,Amenities,0,0.173,0.737,0.928,0.599,0.73,0.275,0,0.047,4.12,0.661,residential,,,,,False,0.2652,0.598,0.053,0.0838,Amenities
900029,29,80,426845.296,4582726.508,7,102.91,43.93,6.91,15.14,1.42,12.72,101.29,239.98,Mixed-Use,7,0.584,0.791,0.978,0.917,0.779,0.738,3,0.869,8.38,1.713,residential,1950-1962,4.0,411.6,1956.0,True,0.303,0.2804,0.0941,0.3226,Residential
900030,30,68,428433.482,4580759.931,7,177.0,52.71,11.36,14.69,1.991,4.2,17.4,34.01,Institutional,9,0.841,0.973,0.816,0.59,0.823,0.442,4,0.28,9.57,1.125,public services,>1994,1.0,177.0,2004.0,False,0.0495,0.5606,0.2399,0.15,Amenities
900031,31,26,425608.44,4583023.35,6,66.18,31.03,5.91,9.08,2.098,20.56,142.93,113.15,Mixed-Use,11,0.162,0.819,0.936,0.587,0.547,0.591,1,0.083,10.66,0.438,residential,<1950,7.0,463.3,1935.0,False,0.4007,0.1252,0.151,0.323,Mixed-Use
900032,32,35,425249.449,4580804.155,5,125.54,45.58,10.56,17.84,1.422,4.29,140.06,37.05,Amenities,8,0.432,0.838,0.911,0.576,0.901,0.569,2,0.699,10.28,0.712,residential,1969-1974,1.0,125.5,1971.0,True,0.2965,0.2814,0.4137,0.0083,Institutional
900033,33,73,428217.375,4582860.317,5,130.66,45.83,10.12,17.79,2.177,11.88,120.08,102.28,Institutional,1,0.379,0.934,0.88,0.948,0.974,0.293,3,0.778,6.14,1.381,public services,,,,,True,0.1759,0.5263,0.1963,0.1015,Amenities
900034,34,22,426002.679,4581719.553,5,228.76,61.92,10.48,24.5,2.283,9.48,208.68,174.4,Mixed-Use,4,0.578,0.855,0.858,0.358,0.57,0.394,0,0.278,4.39,0.967,residential,1950-1962,3.0,686.3,1956.0,False,0.0466,0.1017,0.7595,0.0922,Institutional
900035,35,76,426793.206,4583792.755,5,176.22,60.19,12.6,22.55,1.227,6.46,13.25,43.94,Institutional,2,0.638,0.776,0.721,0.649,0.854,0.796,1,0.539,6.6,1.62,residential,<1950,2.0,352.4,1935.0,True,0.3496,0.34,0.0618,0.2487,Mixed-Use
900036,36,43,429610.298,4582467.883,7,197.22,59.51,8.76,16.14,2.65,12.73,231.38,222.34,Mixed-Use,5,0.573,0.924,0.91,0.286,0.986,0.796,2,0.327,3.78,0.519,residential,1975-1994,4.0,788.9,1985.0,False,0.4704,0.2284,0.0369,0.2642,Mixed-Use
900037,37,7,425709.49,4584119.492,5,87.96,34.66,7.0,14.74,1.939,3.08,243.69,35.53,Amenities,8,0.519,0.749,0.971,0.618,0.828,0.757,4,0.748,6.06,0.744,residential,,,,,True,0.3154,0.146,0.2925,0.2461,Mixed-Use
900038,38,27,429248.952,4581759.214,7,133.8,43.06,9.55,19.08,1.723,14.83,45.86,183.15,Mixed-Use,3,0.599,0.96,0.756,0.293,0.756,0.286,3,0.172,8.3,1.229,residential,>1994,5.0,669.0,2004.0,False,0.1257,0.043,0.0146,0.8168,Residential
900039,39,13,427028.768,4582024.78,6,277.88,60.53,13.83,19.91,2.116,6.79,218.96,203.67,Amenities,4,0.11,0.811,0.814,0.29,0.627,1.109,1,0.296,9.21,1.348,residential,,,,,False,0.1074,0.1873,0.0477,0.6575,Residential
900040,40,25,425958.717,4581365.207,7,490.17,93.11,14.08,30.81,1.231,5.22,157.54,123.52,Mixed-Use,11,0.128,0.835,0.782,0.321,0.997,0.962,3,0.806,8.78,1.929,public services,,,,,True,0.405,0.3041,0.2645,0.0264,Mixed-Use
900041,41,59,429924.421,4583468.467,7,54.2,32.19,6.54,9.25,1.997,10.61,228.49,198.73,Mixed-Use,1,0.556,0.921,0.788,0.307,0.944,0.919,1,0.728,11.31,1.193,residential,,,,,True,0.183,0.1509,0.4081,0.258,Institutional
900042,42,16,428038.32,4584638.728,5,498.27,91.29,21.86,24.08,1.214,12.59,189.3,215.71,Amenities,5,0.196,0.764,0.891,0.505,0.891,0.384,2,0.081,3.13,0.629,residential,<1950,4.0,1993.1,1935.0,False,0.4584,0.0843,0.2721,0.1852,Mixed-Use
900043,43,35,426111.186,4580352.775,5,435.59,83.68,18.55,35.23,1.201,10.73,169.5,83.31,Mixed-Use,11,0.561,0.934,0.767,0.674,0.549,0.648,4,0.517,9.24,0.541,residential,,,,,True,0.3181,0.338,0.2976,0.0463,Amenities
900044,44,29,428817.077,4582919.583,6,277.29,74.77,13.97,26.67,2.791,21.11,197.71,169.56,Mixed-Use,0,0.75,0.754,0.856,0.429,0.599,1.034,3,0.574,10.36,0.829,residential,,,,,True,0.5059,0.1089,0.2312,0.154,Mixed-Use
900045,45,80,426852.668,4582669.954,5,183.38,49.15,9.63,13.66,2.176,12.74,77.57,141.88,Residential,8,0.808,0.8,0.985,0.23,0.736,0.596,0,0.028,2.31,1.584,residential,,,,,False,0.0901,0.3033,0.1375,0.4691,Residential
900046,46,14,427661.292,4584210.722,5,115.45,49.08,7.97,14.19,2.481,14.24,129.49,61.87,Residential,9,0.127,0.813,0.743,0.364,0.589,0.515,2,0.899,2.42,0.7,residential,,,,,True,0.0572,0.1848,0.2682,0.4899,Residential
900047,47,17,426782.824,4582384.005,5,476.48,92.59,13.35,36.11,1.299,5.22,127.43,51.14,Mixed-Use,5,0.081,0.716,0.91,0.61,0.805,0.561,1,0.551,6.13,2.104,residential,,,,,True,0.2647,0.3725,0.2341,0.1287,Amenities
900048,48,46,425817.565,4583154.031,7,712.09,118.1,18.91,47.15,1.115,7.45,48.15,231.52,Amenities,3,0.043,0.807,0.757,0.807,0.577,0.241,0,0.677,1.94,0.83,residential,,,,,True,0.0446,0.0547,0.4393,0.4615,Residential
900049,49,17,429139.739,4581490.264,5,627.23,109.43,20.93,29.96,1.923,9.58,65.01,21.31,Mixed-Use,10,0.478,0.733,0.77,0.932,0.831,0.458,3,0.132,10.89,1.972,residential,>1994,3.0,1881.7,2004.0,False,0.0328,0.3042,0.3962,0.2668,Institutional
900050,50,31,428533.257,4583083.988,5,425.0,92.46,16.65,36.32,1.62,6.96,13.85,104.14,Institutional,4,0.141,0.702,0.715,0.656,0.615,0.928,4,0.191,10.64,2.049,residential,>1994,2.0,850.0,2004.0,False,0.2403,0.5212,0.1827,0.0558,Amenities
900051,51,13,426302.978,4584103.354,6,197.53,52.06,9.12,19.31,1.168,8.3,222.03,193.18,Institutional,4,0.827,0.843,0.937,0.693,0.538,0.251,4,0.814,6.11,1.093,residential,,,,,True,0.5081,0.1557,0.028,0.3083,Mixed-Use
900052,52,4,427638.438,4580593.569,5,56.45,29.45,5.55,7.81,1.348,8.88,21.16,200.8,Institutional,11,0.233,0.969,0.714,0.45,0.731,0.851,0,0.258,2.16,2.169,residential,>1994,3.0,169.4,2004.0,False,0.1936,0.2222,0.158,0.4262,Residential
900053,53,51,425063.669,4583358.386,5,147.89,51.05,9.98,12.3,2.182,11.18,32.42,135.25,Mixed-Use,10,0.447,0.85,0.833,0.642,0.908,0.296,3,0.085,2.44,1.696,residential,,,,,False,0.2149,0.081,0.2019,0.5022,Residential
900054,54,18,429224.143,4580586.414,5,250.93,61.67,12.83,17.06,1.155,6.65,177.54,215.17,Mixed-Use,0,0.28,0.945,0.879,0.471,0.86,0.638,1,0.756,7.76,1.889,residential,<1950,2.0,501.9,1935.0,True,0.1152,0.3693,0.141,0.3745,Residential
900055,55,15,426111.665,4583903.972,5,52.95,30.51,4.77,10.49,2.885,5.8,217.62,128.9,Amenities,5,0.197,0.821,0.924,0.679,0.834,0.427,3,0.223,11.57,0.433,residential,,,,,False,0.4412,0.1187,0.2284,0.2116,Mixed-Use
900056,56,39,426538.44,4582609.117,6,203.59,64.22,13.3,25.61,1.022,4.46,177.25,75.21,Mixed-Use,5,0.942,0.862,0.808,0.2,0.608,0.341,0,0.056,0.37,1.546,residential,,,,,False,0.2239,0.051,0.2434,0.4818,Residential
900057,57,39,429453.229,4583039.367,7,209.33,61.83,13.64,24.08,1.734,4.3,181.05,219.67,Residential,2,0.072,0.733,0.942,0.699,0.834,0.524,4,0.32,7.31,0.526,residential,<1950,1.0,209.3,1935.0,False,0.0982,0.7737,0.0158,0.1123,Amenities
900058,58,23,425982.703,4581993.83,7,259.0,58.93,15.18,28.53,1.817,13.39,99.69,131.36,Institutional,10,0.732,0.879,0.736,0.546,0.51,0.333,2,0.321,11.0,1.222,residential,,,,,False,0.3779,0.0612,0.3993,0.1616,Institutional
900059,59,21,428381.958,4582407.597,5,57.55,28.24,6.49,13.23,1.39,6.71,198.1,72.9,Mixed-Use,6,0.255,0.714,0.798,0.965,0.971,0.59,3,0.547,9.63,1.688,residential,,,,,True,0.1873,0.5525,0.1136,0.1466,Amenities
900060,60,71,425276.004,4580886.942,5,87.41,42.76,8.46,16.05,2.419,10.84,195.55,147.88,Mixed-Use,6,0.102,0.932,0.72,0.852,0.945,0.672,3,0.67,5.72,0.418,residential,,,,,True,0.7149,0.1973,0.0727,0.0151,Mixed-Use
900061,61,72,427861.021,4584098.687,7,104.67,37.55,9.37,16.89,2.904,3.44,96.34,31.26,Amenities,1,0.169,0.915,0.723,0.568,0.564,0.843,0,0.805,9.46,1.287,residential,,,,,True,0.0945,0.2887,0.0673,0.5495,Residential
900062,62,5,428850.691,4581232.917,5,58.22,33.9,6.1,11.38,1.657,2.42,231.29,95.65,Amenities,4,0.381,0.914,0.865,0.398,0.956,1.086,1,0.831,4.21,1.357,residential,,,,,True,0.0557,0.4674,0.3757,0.1012,Amenities
900063,63,11,427833.031,4583012.014,6,596.75,112.04,16.27,37.97,1.16,3.95,119.71,45.48,Amenities,7,0.652,0.701,0.794,0.931,0.601,0.273,2,0.139,8.2,0.412,residential,1963-1968,1.0,596.8,1965.0,False,0.1598,0.3216,0.3642,0.1544,Institutional
900064,64,52,429973.064,4583426.301,5,99.81,37.59,7.56,17.55,1.595,13.21,171.43,125.0,Institutional,7,0.687,0.822,0.835,0.951,0.758,0.591,0,0.177,3.19,0.621,residential,,,,,False,0.2361,0.2864,0.3574,0.1202,Institutional
900065,65,69,427954.146,4581478.938,7,193.09,59.81,12.13,21.09,1.26,12.65,106.28,91.86,Mixed-Use,11,0.118,0.789,0.872,0.921,0.568,0.998,4,0.894,11.0,2.05,agriculture,>1994,4.0,772.4,2004.0,True,0.2317,0.1538,0.194,0.4206,Residential
900066,66,69,427102.164,4580602.841,5,120.68,48.42,9.84,11.74,2.696,8.44,147.67,80.0,Mixed-Use,9,0.42,0.951,0.716,0.948,0.856,0.987,3,0.866,9.04,1.877,residential,,,,,True,0.1441,0.3405,0.0797,0.4358,Residential
900067,67,76,426480.047,4580794.762,5,526.78,104.46,14.79,32.72,1.573,4.52,30.66,11.15,Mixed-Use,0,0.116,0.923,0.774,0.263,0.886,0.661,1,0.183,7.8,1.231,residential,<1950,2.0,1053.6,1935.0,False,0.1886,0.4812,0.1137,0.2165,Amenities
900068,68,74,428167.559,4580712.685,5,426.79,91.79,13.36,33.73,2.202,6.54,110.96,53.44,Residential,2,0.187,0.775,0.981,0.824,0.85,0.92,1,0.802,6.51,1.854,residential,,,,,True,0.5434,0.1914,0.1157,0.1494,Mixed-Use
900069,69,50,428601.243,4582387.637,5,246.33,68.25,11.52,17.12,1.512,5.97,193.08,68.99,Mixed-Use,7,0.231,0.895,0.74,0.578,0.577,0.765,4,0.688,7.24,1.121,residential,,,,,True,0.326,0.0495,0.096,0.5284,Residential
900070,70,39,427039.803,4581717.913,5,25.46,22.05,5.01,5.36,1.076,5.81,211.33,123.84,Institutional,11,0.936,0.758,0.88,0.506,0.697,1.189,0,0.275,9.39,0.425,residential,,,,,False,0.139,0.1208,0.5714,0.1687,Institutional
900071,71,11,429752.583,4580739.126,5,154.72,54.46,8.16,20.89,2.043,1.77,91.82,176.18,Mixed-Use,3,0.279,0.779,0.824,0.765,0.882,0.795,4,0.561,11.04,0.568,agriculture,,,,,True,0.212,0.3508,0.1108,0.3264,Amenities
900072,72,33,428439.089,4584464.798,5,256.45,59.11,9.89,17.16,2.518,4.38,23.17,226.88,Mixed-Use,9,0.191,0.75,0.781,0.418,0.686,1.04,1,0.48,10.12,0.77,residential,<1950,1.0,256.4,1935.0,False,0.0627,0.3565,0.2316,0.3492,Amenities
900073,73,23,428048.118,4581284.282,7,331.35,71.68,12.39,20.44,2.686,6.33,50.51,126.99,Mixed-Use,1,0.983,0.709,0.813,0.38,0.558,0.362,1,0.195,10.55,0.948,residential,<1950,2.0,662.7,1935.0,False,0.5489,0.1959,0.0824,0.1729,Mixed-Use
900074,74,3,426448.41,4580001.647,7,90.53,42.39,8.55,13.45,1.6,16.18,77.92,87.79,Mixed-Use,0,0.693,0.9,0.969,0.348,0.77,0.844,2,0.294,2.9,1.17,residential,,,,,False,0.3443,0.0809,0.2321,0.3427,Mixed-Use
900075,75,21,429917.757,4581575.164,5,637.53,109.53,24.67,36.67,1.146,7.68,128.76,82.95,Mixed-Use,8,0.432,0.892,0.91,0.52,0.809,0.724,4,0.407,10.04,0.751,industrial,1950-1962,3.0,1912.6,1956.0,False,0.1391,0.4624,0.1606,0.2379,Amenities
900076,76,38,426212.633,4581288.855,5,51.61,32.7,4.41,11.7,1.526,15.19,73.16,5.93,Institutional,5,0.956,0.865,0.947,0.936,0.961,0.96,3,0.388,11.7,1.387,residential,1963-1968,5.0,258.0,1965.0,False,0.0214,0.5073,0.1331,0.3381,Amenities
900077,77,25,427467.894,4581980.151,5,87.42,41.53,5.89,14.77,1.965,5.66,98.89,161.98,Mixed-Use,8,0.861,0.904,0.82,0.846,0.583,0.448,3,0.558,2.29,1.518,residential,,,,,True,0.163,0.4886,0.1015,0.2469,Amenities
900078,78,52,427298.022,4581183.139,5,313.58,75.3,15.98,18.76,2.793,6.12,14.12,119.13,Mixed-Use,5,0.93,0.847,0.723,0.552,0.991,0.534,1,0.371,10.43,1.276,agriculture,,,,,False,0.0583,0.1301,0.2705,0.5411,Residential
900079,79,28,427350.8,4581690.348,5,154.35,51.35,9.62,18.0,2.657,0.82,109.4,17.45,Mixed-Use,10,0.64,0.948,0.796,0.795,0.536,0.649,2,0.776,7.07,1.752,residential,,,,,True,0.0423,0.3197,0.1702,0.4678,Residential
900080,80,28,426803.685,4582781.58,7,736.5,100.63,17.89,42.07,1.367,9.07,177.14,132.76,Institutional,3,0.254,0.947,0.928,0.771,0.782,0.662,2,0.133,5.32,1.771,residential,,,,,False,0.1094,0.3991,0.4507,0.0409,Institutional
900081,81,75,428564.267,4580336.91,5,172.57,52.99,12.18,23.53,2.095,9.5,117.74,237.75,Residential,3,0.819,0.783,0.862,0.222,0.804,0.496,3,0.271,8.09,1.386,residential,,,,,False,0.0874,0.273,0.2742,0.3654,Residential
900082,82,13,429074.748,4580341.343,5,89.43,43.14,6.12,15.49,2.117,18.54,56.56,35.28,Mixed-Use,11,0.823,0.725,0.934,0.778,0.677,0.773,2,0.396,11.72,1.512,residential,<1950,6.0,536.6,1935.0,False,0.4049,0.1238,0.2792,0.192,Mixed-Use
900083,83,23,425677.847,4581274.332,5,109.72,38.2,8.2,18.01,1.767,5.38,233.28,124.74,Residential,8,0.653,0.875,0.759,0.387,0.859,0.501,3,0.219,3.75,1.411,residential,,,,,False,0.1485,0.4153,0.2546,0.1815,Amenities
900084,84,38,425204.027,4582203.692,5,62.0,35.94,5.45,9.94,2.16,7.4,54.21,153.68,Mixed-Use,7,0.977,0.711,0.931,0.72,0.626,0.707,0,0.324,5.18,1.885,residential,,,,,False,0.1498,0.6242,0.0894,0.1367,Amenities
900085,85,80,427222.703,4582635.111,5,53.4,26.99,6.88,10.36,2.863,4.77,218.4,44.59,Institutional,7,0.406,0.788,0.761,0.432,0.987,0.273,1,0.014,2.79,1.357,residential,1969-1974,2.0,106.8,1971.0,False,0.1638,0.1349,0.3041,0.3972,Residential
900086,86,13,429997.786,4581520.61,7,245.75,68.44,12.19,16.36,1.214,3.68,55.76,9.73,Institutional,10,0.39,0.945,0.923,0.698,0.546,0.47,4,0.851,6.04,1.9,residential,1950-1962,1.0,245.8,1956.0,True,0.3509,0.2776,0.0675,0.3039,Mixed-Use
900087,87,31,428334.855,4580144.118,6,236.26,57.33,15.02,25.21,2.878,4.75,46.22,59.25,Mixed-Use,0,0.882,0.711,0.887,0.996,0.677,1.095,2,0.253,4.61,1.608,agriculture,,,,,False,0.3878,0.1288,0.1236,0.3598,Mixed-Use
900088,88,45,428048.481,4584427.63,5,418.07,80.08,17.78,30.15,2.074,5.81,127.06,82.19,Mixed-Use,1,0.347,0.748,0.717,0.387,0.562,0.413,2,0.496,1.56,0.714,residential,1950-1962,2.0,836.1,1956.0,False,0.1978,0.2619,0.4465,0.0939,Institutional
900089,89,6,427234.707,4581425.602,5,81.15,35.19,5.89,14.04,2.448,14.81,168.47,25.72,Mixed-Use,10,0.97,0.852,0.982,0.589,0.72,0.334,1,0.696,7.65,0.738,residential,<1950,5.0,405.8,1935.0,True,0.3325,0.1285,0.4082,0.1308,Institutional
900090,90,37,428986.113,4582503.183,7,573.23,94.69,18.97,43.05,1.702,7.04,118.71,86.5,Mixed-Use,6,0.903,0.935,0.975,0.808,0.972,0.569,3,0.818,10.26,1.084,public services,,,,,True,0.4111,0.2038,0.118,0.2671,Mixed-Use
900091,91,32,425327.361,4580483.068,7,117.93,48.42,10.14,17.96,1.097,4.55,131.96,71.39,Residential,7,0.67,0.867,0.828,0.488,0.979,0.353,3,0.64,7.44,0.586,residential,1963-1968,2.0,235.9,1965.0,True,0.1505,0.5319,0.2037,0.1139,Amenities
900092,92,80,428087.428,4580714.11,5,522.97,86.46,15.0,26.99,1.406,7.6,159.63,9.05,Amenities,5,0.905,0.899,0.738,0.762,0.622,0.86,2,0.748,2.62,1.096,residential,,,,,True,0.154,0.1173,0.1472,0.5814,Residential
900093,93,46,429072.428,4583370.722,5,104.98,45.81,9.36,10.97,1.37,7.92,126.0,33.98,Residential,5,0.148,0.828,0.808,0.921,0.567,0.35,0,0.424,0.51,0.955,residential,1975-1994,3.0,314.9,1985.0,False,0.2645,0.0747,0.5648,0.0959,Institutional
900094,94,14,426815.793,4581191.848,5,82.4,36.08,9.07,11.54,1.971,4.85,239.65,112.85,Mixed-Use,8,0.687,0.864,0.822,0.632,0.664,0.645,3,0.385,1.12,1.79,public services,,,,,False,0.0052,0.3459,0.0738,0.5751,Residential
900095,95,46,427252.25,4583057.88,7,181.24,49.43,9.52,20.75,1.967,13.18,46.32,213.95,Mixed-Use,5,0.757,0.825,0.773,0.886,0.613,0.684,1,0.49,10.6,1.414,residential,,,,,False,0.2723,0.1889,0.3126,0.2262,Institutional
900096,96,51,426513.48,4582625.687,6,338.72,82.42,12.39,18.98,2.232,2.49,103.92,77.17,Mixed-Use,4,0.265,0.961,0.808,0.895,0.503,0.414,3,0.397,2.29,1.061,residential,>1994,1.0,338.7,2004.0,False,0.1219,0.0157,0.2238,0.6386,Residential
900097,97,70,427280.959,4582658.483,7,168.82,56.74,11.16,21.32,2.085,6.25,40.65,226.86,Mixed-Use,4,0.156,0.793,0.943,0.695,0.609,0.88,3,0.366,4.9,0.491,residential,,,,,False,0.485,0.131,0.1015,0.2825,Mixed-Use
900098,98,16,428289.895,4584499.657,5,92.9,39.01,6.19,14.26,2.796,10.13,57.41,198.95,Mixed-Use,10,0.005,0.734,0.879,0.839,0.65,1.146,0,0.735,10.37,0.489,residential,<1950,3.0,278.7,1935.0,True,0.4305,0.1811,0.2144,0.174,Mixed-Use
900099,99,15,425001.89,4582364.734,7,50.76,30.31,6.53,11.86,2.648,3.37,158.81,188.96,Mixed-Use,7,0.366,0.895,0.865,0.295,0.975,0.311,0,0.632,3.74,1.111,public services,1975-1994,1.0,50.8,1985.0,True,0.1121,0.1068,0.2955,0.4855,Residential
900100,100,34,425209.635,4584568.871,5,48.37,29.75,4.67,8.85,2.669,8.57,217.97,180.05,Mixed-Use,10,0.593,0.909,0.794,0.456,0.763,0.878,3,0.776,10.03,0.707,residential,1975-1994,3.0,145.1,1985.0,True,0.1338,0.2911,0.2994,0.2757,Institutional
900101,101,6,427610.517,4583006.685,5,221.88,59.58,12.34,18.75,2.269,14.31,95.15,212.72,Mixed-Use,6,0.63,0.721,0.922,0.852,0.886,0.685,4,0.6,4.73,2.128,residential,1975-1994,5.0,1109.4,1985.0,True,0.2523,0.2121,0.0663,0.4693,Residential
900102,102,60,425995.201,4583711.436,5,327.59,75.08,11.06,19.81,2.937,9.02,215.14,5.75,Mixed-Use,1,0.201,0.919,0.741,0.537,0.558,1.114,0,0.424,3.57,1.613,public services,1969-1974,3.0,982.8,1971.0,False,0.4157,0.1284,0.1416,0.3144,Mixed-Use
900103,103,73,426114.888,4582354.96,5,130.13,45.67,7.73,12.84,2.985,2.77,101.23,95.5,Mixed-Use,0,0.729,0.956,0.757,0.794,0.852,0.757,3,0.283,2.88,1.421,residential,>1994,1.0,130.1,2004.0,False,0.0825,0.2249,0.4382,0.2544,Institutional
900104,104,40,427191.252,4583171.584,6,62.83,32.33,6.96,9.77,1.004,4.71,180.23,205.42,Mixed-Use,4,0.284,0.731,0.858,0.575,0.514,0.669,2,0.708,10.01,2.13,agriculture,1950-1962,2.0,125.7,1956.0,True,0.0301,0.1124,0.7316,0.1259,Institutional
900105,105,53,427770.479,4584495.276,7,298.4,74.34,14.57,21.79,2.001,13.84,36.62,236.71,Mixed-Use,6,0.875,0.846,0.829,0.725,0.72,1.06,2,0.104,0.21,0.825,residential,1950-1962,5.0,1492.0,1956.0,False,0.3569,0.334,0.2566,0.0525,Mixed-Use
900106,106,29,428712.117,4582949.839,5,53.29,29.31,4.79,9.72,1.356,8.28,142.41,188.44,Mixed-Use,3,0.63,0.74,0.927,0.662,0.709,0.588,3,0.263,7.81,1.183,residential,>1994,3.0,159.9,2004.0,False,0.2983,0.1493,0.0329,0.5195,Residential
900107,107,76,426000.28,4583488.482,7,83.89,36.67,6.19,12.55,2.847,6.99,19.27,110.87,Institutional,9,0.96,0.786,0.966,0.235,0.967,0.452,4,0.588,11.47,1.405,office,<1950,2.0,167.8,1935.0,True,0.1026,0.1761,0.3359,0.3854,Residential
900108,108,72,429338.207,4580969.777,5,243.91,68.28,13.96,27.4,1.505,8.96,44.3,57.69,Institutional,4,0.41,0.825,0.836,0.435,0.936,0.525,3,0.302,0.58,0.975,public services,>1994,3.0,731.7,2004.0,False,0.3435,0.0214,0.2446,0.3905,Residential
900109,109,42,429238.054,4580392.975,5,24.53,19.28,4.95,8.58,2.664,10.45,83.04,57.29,Mixed-Use,5,0.206,1.0,0.715,0.327,0.736,0.282,2,0.155,10.71,0.894,agriculture,<1950,3.0,73.6,1935.0,False,0.1618,0.1094,0.5232,0.2057,Institutional
900110,110,70,427894.041,4584764.395,5,202.17,56.1,10.03,15.27,1.789,4.76,21.77,10.61,Institutional,9,0.669,0.848,0.711,0.658,0.781,1.001,0,0.032,6.53,1.0,industrial,,,,,False,0.408,0.2572,0.0774,0.2574,Mixed-Use
900111,111,4,425654.748,4580915.795,5,93.19,38.88,8.85,10.99,1.139,5.99,219.38,124.03,Mixed-Use,8,0.743,0.722,0.969,0.593,0.572,0.282,2,0.896,2.76,1.306,public services,1975-1994,2.0,186.4,1985.0,True,0.4627,0.4467,0.0763,0.0143,Mixed-Use
900112,112,31,427167.324,4581566.987,5,161.97,48.72,7.92,18.32,1.88,7.6,207.11,35.4,Amenities,2,0.652,0.92,0.835,0.592,0.992,0.738,1,0.614,1.74,1.267,residential,<1950,3.0,485.9,1935.0,True,0.1311,0.6226,0.091,0.1553,Amenities
900113,113,31,425327.723,4582037.923,7,139.69,52.84,9.32,14.46,2.334,5.21,233.64,184.15,Mixed-Use,8,0.251,0.865,0.756,0.286,0.635,0.47,3,0.028,5.84,1.24,residential,,,,,False,0.4505,0.3336,0.1782,0.0377,Mixed-Use
900114,114,8,429833.81,4584085.178,7,174.46,52.84,12.81,16.75,2.25,6.53,63.93,218.19,Mixed-Use,0,0.17,0.723,0.787,0.668,0.73,0.524,2,0.023,8.8,0.647,residential,,,,,False,0.1578,0.4428,0.1357,0.2637,Amenities
900115,115,64,425765.778,4581483.277,6,258.61,63.17,13.49,28.92,2.007,14.35,117.07,238.45,Amenities,2,0.721,0.94,0.774,0.347,0.84,0.568,4,0.042,4.73,1.632,residential,1950-1962,5.0,1293.1,1956.0,False,0.0879,0.6281,0.2295,0.0546,Amenities
900116,116,28,429391.535,4580785.909,6,80.91,32.94,6.65,15.89,1.336,4.13,204.16,157.09,Mixed-Use,6,0.082,0.846,0.86,0.967,0.6,0.398,3,0.74,3.25,1.588,office,,,,,True,0.0975,0.2352,0.313,0.3543,Residential
900117,117,2,427626.492,4582137.328,5,462.56,82.24,19.09,23.0,2.98,20.28,76.29,38.1,Mixed-Use,4,0.356,0.811,0.771,0.824,0.59,0.623,4,0.473,10.41,1.738,residential,,,,,False,0.3156,0.1861,0.1103,0.388,Residential
900118,118,15,426580.82,4584125.872,5,265.3,68.47,13.48,24.91,2.351,19.76,165.36,185.58,Mixed-Use,9,0.416,0.862,0.925,0.735,0.676,0.484,0,0.895,5.66,1.452,agriculture,1963-1968,7.0,1857.1,1965.0,True,0.3745,0.2593,0.038,0.3283,Mixed-Use
900119,119,67,425400.791,4580220.191,5,291.48,62.29,13.69,30.1,2.356,2.74,92.86,196.28,Amenities,7,1.0,0.812,0.991,0.361,0.773,1.196,3,0.019,6.84,2.102,office,1950-1962,1.0,291.5,1956.0,False,0.0673,0.0974,0.3924,0.4429,Residential
900120,120,60,427824.592,4582668.039,5,376.87,88.74,17.96,22.46,1.322,6.5,100.45,72.27,Amenities,1,0.314,0.945,0.919,0.212,0.924,0.745,2,0.821,3.48,1.932,office,,,,,True,0.1894,0.077,0.377,0.3566,Institutional
900121,121,38,426966.844,4583520.202,5,278.68,76.72,15.22,24.41,2.743,8.49,172.09,82.42,Amenities,8,0.8,0.861,0.963,0.612,0.851,0.801,2,0.716,11.57,0.976,residential,<1950,3.0,836.0,1935.0,True,0.3382,0.2285,0.2256,0.2076,Mixed-Use
900122,122,52,425592.621,4582332.558,7,291.56,63.88,13.26,23.25,1.454,4.63,235.44,174.0,Institutional,10,0.574,0.914,0.912,0.285,0.703,0.213,2,0.372,7.96,1.087,residential,1975-1994,2.0,583.1,1985.0,False,0.3508,0.2418,0.2135,0.1939,Mixed-Use
900123,123,51,425405.509,4584362.67,5,157.67,45.84,10.89,14.27,2.034,4.68,204.39,184.09,Mixed-Use,7,0.53,0.896,0.737,0.719,0.634,0.416,2,0.492,6.13,1.098,residential,<1950,2.0,315.3,1935.0,False,0.1188,0.1661,0.4734,0.2417,Institutional
900124,124,41,427348.95,4581906.2,7,47.4,27.68,5.75,11.13,1.122,6.17,93.53,48.41,Mixed-Use,1,0.537,0.996,0.999,0.961,0.797,0.396,0,0.512,3.97,0.846,residential,,,,,True,0.0738,0.65,0.1949,0.0814,Amenities
900125,125,62,425679.721,4583534.825,5,133.21,44.62,8.48,19.5,2.257,10.55,26.61,30.19,Institutional,8,0.698,0.71,0.951,0.838,0.511,0.962,1,0.086,8.13,1.58,agriculture,>1994,4.0,532.8,2004.0,False,0.0852,0.1024,0.423,0.3894,Institutional
900126,126,2,426335.627,4580843.85,5,80.19,33.72,6.02,15.14,2.346,5.31,242.56,167.47,Mixed-Use,0,0.879,0.745,0.98,0.9,0.724,1.125,3,0.539,10.61,1.587,residential,>1994,2.0,160.4,2004.0,True,0.4265,0.207,0.0759,0.2906,Mixed-Use
900127,127,64,429903.578,4580681.611,7,47.55,25.53,5.66,9.66,2.778,19.2,91.65,74.32,Mixed-Use,3,0.593,0.889,0.978,0.57,0.797,0.442,2,0.57,11.81,1.308,residential,,,,,True,0.2625,0.1107,0.4495,0.1774,Institutional
900128,128,78,428534.288,4583170.127,7,182.5,55.22,9.85,16.59,2.408,8.24,182.64,195.33,Mixed-Use,6,0.435,0.729,0.793,0.381,0.623,0.991,1,0.167,9.1,2.045,residential,<1950,3.0,547.5,1935.0,False,0.4695,0.1556,0.2268,0.1481,Mixed-Use
900129,129,44,428616.577,4582150.285,5,94.18,43.45,8.79,12.65,2.67,6.64,23.77,15.1,Amenities,5,0.08,0.974,0.912,0.231,0.508,0.271,1,0.07,8.34,0.876,residential,,,,,False,0.1021,0.0484,0.8011,0.0485,Institutional
900130,130,2,429882.235,4582699.724,5,65.12,37.01,7.57,10.85,1.646,15.6,12.83,69.83,Mixed-Use,8,0.099,0.774,0.939,0.441,0.65,0.652,4,0.027,8.12,0.974,residential,1975-1994,5.0,325.6,1985.0,False,0.2247,0.4167,0.3155,0.0431,Amenities
900131,131,65,425923.257,4583083.055,5,64.43,31.62,6.93,11.62,2.874,9.92,163.98,175.0,Institutional,5,0.298,0.795,0.918,0.981,0.512,0.824,0,0.88,0.69,0.553,public services,,,,,True,0.2468,0.4535,0.2139,0.0858,Amenities
900132,132,43,429494.618,4581406.413,6,183.96,54.21,9.56,20.92,1.391,8.61,217.4,15.6,Mixed-Use,0,0.83,0.981,0.997,0.375,0.865,1.003,4,0.492,11.63,1.694,residential,>1994,3.0,551.9,2004.0,False,0.0937,0.2142,0.1072,0.5849,Residential
900133,133,7,425409.959,4582443.527,7,197.74,59.81,11.18,19.72,1.043,5.86,113.83,43.22,Amenities,6,0.775,0.909,0.74,0.996,0.936,0.976,2,0.432,9.45,0.492,residential,1950-1962,2.0,395.5,1956.0,False,0.2968,0.1231,0.2642,0.3159,Residential
900134,134,35,428389.423,4584205.106,5,427.5,82.38,20.14,34.75,2.471,19.06,162.97,105.77,Mixed-Use,3,0.023,0.706,0.772,0.924,0.796,0.239,1,0.159,3.24,0.782,residential,>1994,6.0,2565.0,2004.0,False,0.0321,0.1714,0.3724,0.4241,Residential
900135,135,6,426381.028,4580452.649,5,146.77,54.58,9.36,17.75,2.606,10.98,178.7,42.86,Mixed-Use,1,0.679,0.858,0.707,0.636,0.567,1.074,0,0.6,3.48,0.943,residential,,,,,True,0.2757,0.0882,0.389,0.247,Institutional
900136,136,21,429204.191,4582856.132,5,341.54,81.19,13.23,32.07,2.699,6.28,213.89,116.62,Amenities,1,0.219,0.8,0.795,0.385,0.84,0.755,0,0.204,6.76,1.11,residential,<1950,2.0,683.1,1935.0,False,0.7269,0.0553,0.0528,0.1651,Mixed-Use
900137,137,48,429523.044,4584141.151,5,455.69,89.46,19.58,36.13,1.388,2.95,31.82,133.79,Mixed-Use,4,0.735,0.772,0.885,0.748,0.677,0.925,2,0.428,1.93,1.644,residential,,,,,False,0.1322,0.396,0.1346,0.3371,Amenities
900138,138,72,427626.255,4580103.643,7,372.46,82.19,18.99,22.82,2.807,8.63,138.29,14.58,Mixed-Use,6,0.153,0.709,0.804,0.573,0.807,1.019,0,0.71,9.81,1.811,residential,,,,,True,0.1086,0.3757,0.2604,0.2552,Amenities
900139,139,80,426954.65,4583577.303,5,22.37,20.4,3.93,5.63,2.272,3.75,116.15,53.65,Residential,0,0.495,0.861,0.899,0.422,0.756,0.843,4,0.589,4.48,1.502,residential,,,,,True,0.1702,0.2317,0.2013,0.3969,Residential
900140,140,28,426784.495,4581009.192,7,396.61,84.86,16.82,29.1,1.139,2.74,91.66,94.21,Mixed-Use,9,0.568,0.767,0.826,0.88,0.642,1.177,4,0.349,0.53,0.738,residential,<1950,1.0,396.6,1935.0,False,0.4498,0.1925,0.3472,0.0104,Mixed-Use
900141,141,28,429702.87,4581661.62,6,194.75,55.14,11.62,22.15,2.889,6.03,98.97,38.84,Amenities,0,0.837,0.941,0.734,0.573,0.72,1.171,4,0.018,5.28,1.938,industrial,,,,,False,0.2565,0.0509,0.5038,0.1889,Institutional
900142,142,46,429295.713,4580018.81,5,208.31,59.76,12.17,17.59,1.697,8.21,109.71,26.26,Mixed-Use,6,0.634,0.966,0.913,0.821,0.724,0.21,3,0.281,0.3,1.347,agriculture,,,,,False,0.5548,0.1437,0.0513,0.2502,Mixed-Use
900143,143,59,429363.632,4581705.668,6,199.73,55.05,12.86,24.58,1.374,14.23,51.29,138.45,Institutional,6,0.388,0.876,0.772,0.98,0.812,0.453,1,0.054,1.32,1.806,residential,>1994,5.0,998.6,2004.0,False,0.3212,0.1945,0.1868,0.2974,Mixed-Use
900144,144,11,428378.35,4584176.197,5,201.58,55.14,10.94,18.79,1.781,8.21,217.29,157.93,Mixed-Use,3,0.955,0.753,0.791,0.209,0.743,0.292,3,0.692,1.27,1.182,residential,1969-1974,3.0,604.7,1971.0,True,0.0845,0.0031,0.7327,0.1797,Institutional
900145,145,31,425093.281,4580400.919,6,191.62,59.16,11.14,17.88,2.473,10.95,79.31,24.49,Mixed-Use,11,0.536,0.823,0.845,0.73,0.843,0.646,1,0.684,10.63,0.876,residential,,,,,True,0.1085,0.2588,0.1565,0.4762,Residential
900146,146,5,427172.647,4584584.263,7,111.37,42.5,6.84,17.44,2.145,3.58,105.93,175.56,Amenities,2,0.34,0.769,0.909,0.225,0.922,1.048,0,0.399,8.98,1.628,public services,,,,,False,0.2981,0.4521,0.0982,0.1516,Amenities
900147,147,56,429607.833,4582150.369,7,32.42,25.29,4.58,6.26,2.64,6.94,150.35,24.0,Mixed-Use,9,0.233,0.873,0.929,0.629,0.894,1.156,3,0.027,2.33,0.934,public services,,,,,False,0.3244,0.1504,0.2461,0.2792,Mixed-Use
900148,148,68,425454.702,4582472.316,5,136.03,44.55,10.99,20.96,2.15,7.53,174.7,25.01,Institutional,7,0.634,0.808,0.836,0.359,0.536,0.317,4,0.084,8.48,1.362,residential,,,,,False,0.2671,0.0029,0.5834,0.1465,Institutional
900149,149,48,426814.708,4581425.36,5,78.02,34.1,5.6,15.47,2.755,11.29,127.73,156.6,Amenities,4,0.288,0.785,0.763,0.954,0.913,0.393,4,0.126,11.56,1.766,residential,<1950,4.0,312.1,1935.0,False,0.2704,0.2492,0.3673,0.1131,Institutional
900150,150,11,429538.57,4584676.841,7,352.18,83.79,18.07,32.01,1.471,7.49,116.23,238.65,Residential,10,0.908,0.875,0.974,0.382,0.639,0.478,1,0.253,5.76,1.412,residential,,,,,False,0.4697,0.3511,0.0704,0.1088,Mixed-Use
900151,151,36,426406.362,4580989.774,7,117.8,42.96,7.11,15.11,1.876,10.94,97.99,164.75,Amenities,11,0.694,0.768,0.957,0.395,0.625,0.37,4,0.041,8.51,0.692,residential,,,,,False,0.0129,0.5786,0.1164,0.2921,Amenities
900152,152,11,428898.475,4583895.441,6,158.66,57.59,9.85,21.51,2.051,5.33,130.99,30.99,Mixed-Use,6,0.701,0.798,0.811,0.887,0.987,0.897,2,0.218,8.78,1.037,residential,,,,,False,0.2648,0.2911,0.0886,0.3555,Residential
900153,153,53,426454.755,4582631.768,5,75.21,32.37,7.21,11.78,1.226,8.56,65.99,112.4,Mixed-Use,3,0.27,0.872,0.752,0.915,0.94,0.579,3,0.236,8.42,0.874,residential,<1950,3.0,225.6,1935.0,False,0.0961,0.3747,0.2828,0.2464,Amenities
900154,154,53,427107.933,4581576.181,5,98.64,44.27,9.85,11.07,2.398,8.83,14.86,64.04,Institutional,7,0.15,0.801,0.955,0.764,0.833,0.942,3,0.362,0.63,2.04,residential,,,,,False,0.124,0.4072,0.3367,0.1321,Amenities
900155,155,30,425896.719,4583391.771,5,147.05,50.35,10.57,20.51,2.337,3.53,229.64,70.61,Amenities,4,0.084,0.798,0.918,0.905,0.996,0.691,4,0.538,11.56,2.14,residential,1975-1994,1.0,147.0,1985.0,True,0.103,0.1466,0.5015,0.2489,Institutional
900156,156,18,429406.977,4583964.515,5,45.23,27.82,5.64,9.85,1.6,7.74,55.25,168.27,Mixed-Use,5,0.928,0.72,0.942,0.956,0.878,1.099,3,0.587,4.61,1.084,agriculture,,,,,True,0.1025,0.4718,0.0016,0.4242,Amenities
900157,157,9,429667.911,4584393.19,5,188.77,56.79,11.76,15.89,1.948,5.89,106.13,120.01,Amenities,7,0.589,0.718,0.848,0.261,0.994,0.472,1,0.513,5.58,1.907,office,,,,,True,0.5061,0.2951,0.0152,0.1835,Mixed-Use
900158,158,63,428208.816,4580310.212,5,136.34,44.17,8.7,14.05,2.931,2.47,139.25,167.64,Residential,7,0.648,0.949,0.956,0.461,0.509,1.026,0,0.402,0.09,2.193,residential,1975-1994,1.0,136.3,1985.0,False,0.058,0.3959,0.4243,0.1219,Institutional
900159,159,19,429441.374,4580092.316,5,57.48,33.17,7.49,11.19,2.369,11.91,90.61,133.04,Amenities,8,0.688,0.712,0.722,0.425,0.699,1.191,3,0.868,3.19,0.761,residential,,,,,True,0.2989,0.1797,0.369,0.1524,Institutional
900160,160,6,426847.953,4581357.576,6,21.79,18.69,4.57,5.77,2.256,5.76,112.7,53.12,Mixed-Use,11,0.36,0.806,0.949,0.781,0.645,0.229,2,0.393,10.22,0.546,residential,>1994,2.0,43.6,2004.0,False,0.0405,0.3453,0.1738,0.4404,Residential
900161,161,68,429984.196,4581645.073,7,223.73,63.21,10.65,17.09,1.805,4.4,104.13,160.31,Residential,4,0.459,0.816,0.75,0.804,0.929,1.128,3,0.614,10.44,1.494,industrial,>1994,1.0,223.7,2004.0,True,0.3653,0.221,0.3222,0.0915,Mixed-Use
900162,162,3,429177.99,4581341.008,7,116.97,45.88,6.73,13.42,2.012,5.71,118.74,209.12,Institutional,9,0.261,0.927,0.991,0.322,0.978,0.239,2,0.883,5.58,1.871,residential,,,,,True,0.0916,0.4303,0.2592,0.2188,Amenities
900163,163,44,428624.604,4580944.325,7,97.12,44.03,6.77,10.56,2.849,7.58,194.47,29.31,Institutional,7,0.13,0.82,0.795,0.939,0.668,0.302,2,0.489,10.87,1.296,residential,,,,,False,0.2683,0.2525,0.4224,0.0568,Institutional
900164,164,31,425341.976,4581405.374,7,122.86,50.18,6.88,17.0,2.312,16.11,135.69,186.35,Mixed-Use,0,0.718,0.827,1.0,0.329,0.837,0.537,0,0.005,6.44,2.0,residential,,,,,False,0.1545,0.395,0.2858,0.1647,Amenities
900165,165,40,429505.395,4583654.986,5,634.72,104.23,23.79,39.62,2.615,6.42,218.69,192.02,Mixed-Use,7,0.976,0.833,0.719,0.25,0.913,0.453,2,0.271,11.45,0.874,residential,,,,,False,0.2371,0.0823,0.4715,0.2092,Institutional
900166,166,70,429168.148,4581795.719,5,142.62,45.45,8.87,14.38,2.324,9.11,171.8,165.74,Institutional,6,0.261,0.702,0.818,0.604,0.656,0.933,3,0.111,2.97,1.493,residential,,,,,False,0.2497,0.2909,0.378,0.0814,Institutional
900167,167,61,426716.305,4582934.381,5,159.06,52.03,12.09,20.8,1.136,14.96,133.85,155.33,Mixed-Use,11,0.201,0.904,0.927,0.728,0.629,0.361,2,0.242,3.62,1.676,residential,<1950,5.0,795.3,1935.0,False,0.2833,0.1051,0.0336,0.578,Residential
900168,168,11,427397.713,4582756.603,7,45.17,30.91,5.38,11.63,1.336,9.43,89.84,125.78,Mixed-Use,6,0.519,0.764,0.9,0.257,0.937,0.579,1,0.408,3.12,1.075,residential,<1950,3.0,135.5,1935.0,False,0.2559,0.3066,0.1151,0.3223,Residential
900169,169,44,425381.474,4584079.912,5,554.39,91.64,14.7,40.7,1.111,12.65,28.56,148.69,Amenities,5,0.245,0.992,0.816,0.246,0.836,0.33,2,0.737,2.67,1.878,public services,,,,,True,0.1656,0.3715,0.1649,0.298,Amenities
900170,170,1,426495.076,4583332.183,7,309.2,67.46,16.71,26.93,1.435,5.41,85.09,86.11,Institutional,1,0.132,0.918,0.818,0.337,0.527,0.758,2,0.211,8.62,1.494,public services,,,,,False,0.2678,0.2673,0.1354,0.3295,Residential
900171,171,10,426979.723,4584108.918,5,348.47,81.02,12.86,25.33,1.112,10.74,159.24,235.98,Amenities,6,0.23,0.939,0.897,0.788,0.524,0.955,1,0.324,6.62,1.527,public services,,,,,False,0.0723,0.062,0.4949,0.3708,Institutional
900172,172,39,426892.841,4582764.002,7,154.18,55.76,11.04,12.98,2.603,6.81,128.63,182.27,Mixed-Use,9,0.874,0.782,0.991,0.714,0.581,0.763,3,0.021,6.9,0.879,residential,,,,,False,0.277,0.2577,0.2361,0.2292,Mixed-Use
900173,173,32,428856.174,4580247.979,5,308.99,66.71,10.79,31.35,2.896,12.69,41.57,125.46,Mixed-Use,10,0.993,0.834,0.827,0.872,0.919,0.561,4,0.447,3.3,1.569,residential,,,,,False,0.5664,0.1748,0.1836,0.0752,Mixed-Use
900174,174,36,429473.354,4581814.258,5,199.69,60.95,8.61,23.23,1.459,4.05,147.01,188.8,Mixed-Use,5,0.326,0.87,0.848,0.414,0.669,0.92,4,0.459,9.99,0.762,public services,>1994,1.0,199.7,2004.0,False,0.4224,0.2032,0.1664,0.208,Mixed-Use
900175,175,41,427103.463,4581378.586,5,242.39,70.89,11.47,18.67,1.234,4.58,80.16,18.12,Mixed-Use,3,0.365,0.963,0.921,0.234,0.774,0.62,1,0.043,8.03,0.966,residential,,,,,False,0.4065,0.3336,0.0695,0.1903,Mixed-Use
900176,176,36,425816.417,4581040.546,6,131.4,47.73,9.38,18.8,1.854,14.12,74.46,236.84,Institutional,8,0.81,0.769,0.927,0.31,0.866,0.579,1,0.675,3.3,1.999,residential,,,,,True,0.1886,0.0666,0.28,0.4648,Residential
900177,177,14,429529.613,4583249.536,5,45.64,30.3,6.27,7.07,1.98,6.31,84.12,38.52,Mixed-Use,9,0.047,0.713,0.998,0.609,0.733,0.737,1,0.559,2.37,0.81,residential,1975-1994,2.0,91.3,1985.0,True,0.8139,0.0232,0.1185,0.0444,Mixed-Use
900178,178,19,425718.004,4584142.033,5,338.01,78.76,18.06,32.88,2.57,5.77,174.88,159.93,Mixed-Use,3,0.419,0.845,0.72,0.372,0.901,1.023,0,0.423,0.25,2.109,residential,,,,,False,0.4618,0.0657,0.0549,0.4176,Mixed-Use
900179,179,12,428041.282,4583872.041,6,31.56,23.98,3.48,6.17,1.799,7.34,169.36,37.69,Mixed-Use,5,0.707,0.821,0.759,0.752,0.835,0.98,1,0.667,4.95,1.838,agriculture,,,,,True,0.2289,0.1504,0.349,0.2717,Institutional
900180,180,57,427588.499,4581530.913,5,122.49,41.34,7.49,11.98,2.682,4.81,30.27,82.11,Mixed-Use,11,0.712,0.838,0.878,0.847,0.713,0.984,3,0.139,9.91,1.144,residential,,,,,False,0.1754,0.3913,0.3638,0.0694,Amenities
900181,181,66,426999.537,4582269.706,5,126.01,42.95,9.44,18.74,2.92,14.62,59.9,136.58,Mixed-Use,2,0.66,0.96,0.777,0.997,0.616,1.025,2,0.297,0.93,0.801,residential,,,,,False,0.1215,0.3146,0.205,0.3589,Residential
900182,182,69,425726.158,4581472.496,5,64.44,30.82,6.46,8.47,1.761,3.54,153.71,40.84,Institutional,4,0.075,0.718,0.991,0.648,0.657,1.106,1,0.144,3.6,0.543,agriculture,1963-1968,1.0,64.4,1965.0,False,0.057,0.4667,0.4175,0.0589,Amenities
900183,183,52,428058.373,4581833.691,5,242.38,61.84,12.2,19.56,2.898,6.47,30.89,137.21,Mixed-Use,9,0.368,0.9,0.966,0.452,0.676,0.892,0,0.698,10.66,1.73,residential,<1950,2.0,484.8,1935.0,True,0.1073,0.2029,0.1929,0.4969,Residential
900184,184,37,429623.344,4582247.136,7,126.44,41.92,10.66,13.23,1.804,8.51,192.98,77.73,Mixed-Use,8,0.679,0.828,0.947,0.243,0.738,0.754,2,0.059,10.78,2.08,public services,,,,,False,0.0106,0.2537,0.3025,0.4332,Residential
900185,185,23,426207.681,4584946.09,5,104.64,38.82,9.42,12.23,2.518,6.64,188.24,233.21,Mixed-Use,10,0.977,0.879,0.758,0.973,0.625,0.296,3,0.033,3.79,1.442,residential,,,,,False,0.4111,0.269,0.2256,0.0942,Mixed-Use
900186,186,75,429735.87,4580403.623,5,224.95,66.26,11.71,19.45,2.407,4.52,53.0,22.73,Institutional,4,0.504,0.955,0.736,0.398,0.551,0.82,2,0.829,9.58,0.868,residential,<1950,2.0,449.9,1935.0,True,0.3995,0.1988,0.3328,0.0689,Mixed-Use
900187,187,26,427615.958,4582043.471,5,101.37,38.89,6.92,14.89,1.547,4.36,246.72,211.26,Mixed-Use,5,0.557,0.79,0.887,0.34,0.888,1.005,4,0.075,9.01,0.874,residential,,,,,False,0.6686,0.0707,0.1429,0.1178,Mixed-Use
900188,188,58,428555.274,4584579.17,6,450.87,77.69,12.99,30.16,1.079,8.88,204.19,90.82,Mixed-Use,1,0.862,0.728,0.762,0.224,0.615,0.679,3,0.608,11.74,1.503,residential,,,,,True,0.2852,0.5455,0.1123,0.057,Amenities
900189,189,32,427585.615,4582891.981,7,196.6,52.86,10.37,25.05,1.579,3.99,38.01,14.62,Mixed-Use,1,0.173,0.819,0.888,0.617,0.925,0.728,2,0.518,5.23,1.075,residential,<1950,1.0,196.6,1935.0,True,0.0674,0.1693,0.4653,0.2981,Institutional
900190,190,7,425819.623,4581794.164,5,101.55,38.77,9.18,17.31,1.224,10.03,223.85,203.19,Mixed-Use,0,0.661,0.835,0.739,0.313,0.629,0.606,2,0.039,4.64,1.953,agriculture,,,,,False,0.2414,0.0751,0.2867,0.3968,Residential
900191,191,9,425408.607,4583784.896,5,31.33,21.01,3.54,7.4,2.174,3.04,79.51,28.94,Mixed-Use,1,0.238,0.911,0.973,0.28,0.708,0.259,2,0.68,2.15,1.672,public services,,,,,True,0.1014,0.2289,0.1632,0.5065,Residential
900192,192,76,425170.759,4584905.374,5,52.13,28.39,6.6,10.9,1.035,5.18,123.69,10.34,Mixed-Use,10,0.424,0.943,0.897,0.544,0.652,0.806,4,0.783,9.84,0.937,residential,,,,,True,0.3413,0.1493,0.4465,0.0629,Institutional
900193,193,76,425230.734,4583750.421,5,354.06,73.31,12.71,30.28,2.401,7.17,43.4,141.93,Mixed-Use,10,0.604,0.738,0.957,0.523,0.846,0.772,2,0.147,3.43,0.507,residential,,,,,False,0.2154,0.2503,0.488,0.0463,Institutional
900194,194,32,427241.887,4584556.387,5,142.52,52.32,11.48,12.96,2.124,3.53,117.28,177.55,Mixed-Use,6,0.229,0.725,0.776,0.93,0.895,0.81,4,0.389,9.61,1.063,residential,,,,,False,0.3418,0.158,0.3581,0.1421,Institutional
900195,195,66,426740.739,4582820.582,5,118.33,43.64,7.06,16.27,1.928,10.06,206.75,202.17,Mixed-Use,6,0.615,0.99,0.907,0.263,0.586,0.841,4,0.849,5.72,1.633,industrial,1969-1974,3.0,355.0,1971.0,True,0.2789,0.5033,0.0581,0.1597,Amenities
900196,196,51,428581.637,4581504.811,5,552.58,102.44,17.13,37.19,2.945,6.96,145.74,74.93,Residential,7,0.286,0.999,0.867,0.468,0.788,0.898,4,0.323,7.23,1.854,residential,,,,,False,0.2983,0.4496,0.0975,0.1546,Amenities
900197,197,23,427008.912,4580674.955,5,53.19,31.47,5.31,11.33,2.634,3.98,27.8,106.13,Mixed-Use,11,0.251,0.778,0.796,0.658,0.847,1.191,4,0.41,11.18,1.469,public services,,,,,False,0.0693,0.2197,0.4209,0.2901,Institutional
900198,198,15,427440.486,4584713.119,6,92.9,37.94,9.63,9.88,1.022,3.05,86.78,149.48,Mixed-Use,1,0.735,0.723,0.854,0.658,0.609,0.256,0,0.822,6.56,1.795,office,,,,,True,0.4908,0.1193,0.2068,0.1831,Mixed-Use
900199,199,65,425675.61,4580971.69,5,101.69,38.82,7.5,17.71,1.107,2.97,140.46,90.77,Residential,9,0.902,0.892,0.804,0.682,0.789,1.037,2,0.535,7.68,1.926,residential,,,,,True,0.2114,0.1413,0.4242,0.2231,Institutional
900200,200,42,428595.863,4583977.297,5,237.24,70.32,13.83,15.41,2.239,7.23,117.15,225.81,Amenities,3,0.493,0.923,0.725,0.764,0.847,0.947,1,0.15,6.85,0.717,residential,1975-1994,2.0,474.5,1985.0,False,0.1289,0.0487,0.4634,0.3589,Institutional
900201,201,39,426528.514,4582969.428,5,87.28,39.78,6.89,10.06,2.465,3.72,125.92,140.32,Amenities,3,0.156,0.836,0.953,0.969,0.989,0.355,0,0.537,6.14,1.423,residential,,,,,True,0.083,0.2691,0.5024,0.1454,Institutional
900202,202,18,428818.001,4582033.987,7,90.86,35.3,7.47,11.2,2.35,3.32,248.43,77.87,Mixed-Use,8,0.451,0.768,0.907,0.32,0.957,0.24,4,0.851,6.67,2.088,office,<1950,1.0,90.9,1935.0,True,0.0994,0.189,0.44,0.2716,Institutional
900203,203,66,428419.487,4581535.396,5,41.09,28.0,5.49,9.77,1.24,6.19,128.64,162.61,Mixed-Use,6,0.793,0.755,0.862,0.273,0.836,0.252,4,0.112,5.86,1.599,residential,,,,,False,0.1624,0.1723,0.38,0.2853,Institutional
900204,204,53,428215.794,4580081.299,6,266.0,59.2,13.12,22.86,2.446,24.6,245.52,174.48,Institutional,4,0.171,0.904,0.933,0.439,0.828,0.604,4,0.037,5.7,1.323,residential,,,,,False,0.2024,0.344,0.333,0.1206,Amenities
900205,205,33,425069.749,4584528.976,7,282.85,70.93,11.61,17.07,2.666,8.19,24.03,234.72,Mixed-Use,6,0.188,0.804,0.785,0.897,0.558,0.606,4,0.331,8.56,0.99,residential,1950-1962,3.0,848.6,1956.0,False,0.4815,0.2853,0.047,0.1862,Mixed-Use
900206,206,25,429082.372,4582815.074,5,101.38,45.01,6.71,12.56,2.264,10.69,222.81,95.07,Mixed-Use,5,0.878,0.734,0.862,0.299,0.627,0.215,0,0.59,1.13,0.826,residential,,,,,True,0.2027,0.4884,0.1292,0.1796,Amenities
900207,207,39,428093.681,4583842.047,5,169.13,47.49,12.71,15.07,2.534,7.9,109.94,206.17,Mixed-Use,3,0.738,0.754,0.706,0.619,0.987,0.965,4,0.371,0.89,1.664,public services,,,,,False,0.3616,0.1429,0.1952,0.3003,Mixed-Use
900208,208,80,428032.817,4583296.902,5,52.77,30.21,6.11,11.27,1.816,10.81,216.16,143.95,Mixed-Use,2,0.679,0.974,0.738,0.412,0.845,0.86,2,0.731,7.05,1.223,residential,1950-1962,4.0,211.1,1956.0,True,0.2422,0.1128,0.4423,0.2026,Institutional
900209,209,11,429178.712,4584460.273,5,101.75,36.94,7.88,17.08,1.361,3.36,230.76,123.36,Mixed-Use,8,0.946,0.839,0.875,0.694,0.971,0.572,3,0.498,7.93,1.947,residential,,,,,False,0.2515,0.2604,0.2762,0.2119,Institutional
900210,210,9,426051.112,4580516.764,7,446.91,93.52,16.3,35.4,2.551,5.55,139.73,142.89,Mixed-Use,0,0.748,0.934,0.968,0.815,0.809,1.156,4,0.469,6.67,0.888,office,1969-1974,2.0,893.8,1971.0,False,0.3909,0.2373,0.2191,0.1527,Mixed-Use
900211,211,2,427967.769,4583461.113,5,165.44,56.26,12.4,14.36,1.2,8.12,34.66,223.7,Mixed-Use,1,0.181,0.954,0.818,0.595,0.962,0.7,4,0.721,6.43,0.612,residential,1950-1962,3.0,496.3,1956.0,True,0.253,0.1325,0.4653,0.1492,Institutional
900212,212,46,429869.621,4583517.082,7,942.27,115.09,21.31,38.96,1.252,6.96,97.96,182.93,Mixed-Use,6,0.986,0.796,0.731,0.789,0.602,0.361,2,0.507,5.44,1.885,residential,<1950,2.0,1884.5,1935.0,True,0.1647,0.0912,0.6649,0.0792,Institutional
900213,213,46,429148.926,4582354.352,6,79.06,34.93,6.12,9.81,2.554,6.32,27.11,221.94,Institutional,1,0.958,0.928,0.722,0.891,0.993,0.851,4,0.532,3.82,0.442,office,,,,,True,0.0838,0.1938,0.4688,0.2536,Institutional
900214,214,15,429599.426,4580964.684,5,236.09,59.5,13.59,25.89,1.04,4.87,206.32,160.76,Mixed-Use,9,0.139,0.937,0.791,0.417,0.918,0.637,0,0.28,10.2,1.741,agriculture,<1950,2.0,472.2,1935.0,False,0.0793,0.3413,0.5184,0.061,Institutional
900215,215,49,427617.976,4582200.742,7,126.92,46.1,8.36,19.27,1.339,6.1,245.02,220.14,Mixed-Use,2,0.655,0.925,0.943,0.551,0.821,0.642,2,0.819,11.76,1.615,residential,<1950,2.0,253.8,1935.0,True,0.5377,0.2241,0.0662,0.1721,Mixed-Use
900216,216,24,425379.942,4580096.009,5,233.38,63.12,12.68,24.63,2.292,4.59,173.1,30.05,Mixed-Use,0,0.236,0.82,0.888,0.665,0.734,0.687,3,0.555,11.39,1.13,residential,,,,,True,0.2763,0.1015,0.1241,0.4981,Residential
900217,217,73,428312.854,4583595.328,5,147.56,47.09,8.39,18.78,2.039,1.86,101.55,24.51,Mixed-Use,1,0.282,0.994,0.933,0.437,0.875,0.9,1,0.01,5.15,1.86,residential,,,,,False,0.6718,0.0179,0.186,0.1243,Mixed-Use
900218,218,69,429140.851,4584936.801,6,94.73,41.95,9.45,13.83,2.435,3.64,188.34,114.77,Mixed-Use,1,0.73,0.878,0.889,0.667,0.661,0.457,1,0.715,1.68,1.685,residential,<1950,1.0,94.7,1935.0,True,0.1047,0.7736,0.1171,0.0047,Amenities
900219,219,50,426432.456,4584247.879,5,74.14,32.67,8.01,14.87,1.62,9.13,249.26,61.92,Institutional,11,0.014,0.954,0.775,0.727,0.531,0.527,2,0.046,4.56,0.725,residential,,,,,False,0.3526,0.3685,0.104,0.1749,Amenities
900220,220,41,427302.316,4582475.654,7,1724.74,151.6,38.54,44.54,2.625,16.55,123.2,84.22,Mixed-Use,10,0.557,0.856,0.787,0.961,0.794,0.774,2,0.447,4.72,0.739,residential,<1950,6.0,10348.4,1935.0,False,0.3918,0.2487,0.0912,0.2684,Mixed-Use
900221,221,15,426417.277,4583570.069,7,139.51,52.06,7.29,19.77,2.421,19.06,33.05,99.19,Mixed-Use,5,0.966,0.797,0.768,0.767,0.87,0.839,0,0.848,11.84,1.733,office,,,,,True,0.0303,0.3689,0.424,0.1769,Institutional
900222,222,8,425900.204,4581604.616,7,29.57,20.45,3.31,7.25,2.081,7.41,152.08,53.37,Mixed-Use,9,0.649,0.815,0.732,0.538,0.737,0.431,3,0.647,2.09,1.74,residential,>1994,2.0,59.1,2004.0,True,0.0495,0.3543,0.174,0.4222,Residential
900223,223,66,429263.79,4581724.949,5,88.33,42.8,5.91,14.19,1.363,11.49,215.47,206.05,Mixed-Use,11,0.279,0.783,0.736,0.272,0.998,0.56,1,0.577,7.79,1.409,residential,<1950,4.0,353.3,1935.0,True,0.1142,0.1264,0.4326,0.3267,Institutional
900224,224,59,428392.637,4581912.906,5,255.3,68.39,11.79,24.69,1.702,11.58,176.07,129.84,Mixed-Use,9,0.998,0.931,0.796,0.305,0.698,0.923,3,0.667,10.03,1.568,residential,,,,,True,0.1991,0.4488,0.0893,0.2627,Amenities
900225,225,71,427686.167,4583895.153,7,99.48,39.42,7.28,13.33,1.401,4.8,200.43,98.54,Amenities,11,0.292,0.992,0.931,0.896,0.882,0.722,2,0.6,2.81,0.935,residential,,,,,True,0.1364,0.203,0.4317,0.229,Institutional
900226,226,36,429142.715,4581770.275,5,440.7,80.83,19.74,23.49,2.229,2.76,122.99,121.06,Mixed-Use,10,0.268,0.71,0.778,0.938,0.503,0.937,0,0.598,9.67,0.901,residential,1975-1994,1.0,440.7,1985.0,True,0.2465,0.2307,0.2616,0.2612,Institutional
900227,227,45,426229.837,4583011.668,6,330.93,73.33,17.04,28.17,2.643,7.15,195.92,6.6,Amenities,3,0.332,0.787,0.855,0.917,0.843,0.391,2,0.66,10.61,1.901,residential,<1950,2.0,661.9,1935.0,True,0.242,0.5727,0.0288,0.1565,Amenities
900228,228,7,428370.797,4583969.774,5,131.38,43.45,10.7,16.11,1.502,2.67,158.92,54.38,Mixed-Use,9,0.428,0.788,0.757,0.371,0.706,0.587,1,0.846,8.14,1.21,residential,<1950,1.0,131.4,1935.0,True,0.6026,0.0233,0.231,0.143,Mixed-Use
900229,229,47,429748.578,4584650.853,5,101.72,39.5,8.0,13.72,2.848,5.89,52.11,226.46,Mixed-Use,10,0.219,0.742,0.863,0.611,0.761,0.759,1,0.775,2.05,1.118,residential,>1994,2.0,203.4,2004.0,True,0.2551,0.2151,0.1885,0.3412,Residential
900230,230,39,429038.674,4583494.065,5,66.43,30.9,6.71,13.78,2.188,9.82,209.68,59.24,Mixed-Use,3,0.052,0.924,0.986,0.551,0.833,0.675,0,0.798,7.16,1.279,residential,,,,,True,0.1606,0.1461,0.466,0.2273,Institutional
900231,231,16,428507.091,4582690.371,5,84.78,33.33,7.13,15.83,2.629,3.22,92.87,12.28,Mixed-Use,2,0.71,0.719,0.789,0.68,0.792,0.733,0,0.062,5.64,2.077,residential,,,,,False,0.0495,0.1264,0.4731,0.351,Institutional
900232,232,36,429289.003,4584078.192,5,45.67,27.55,5.05,7.92,2.293,7.15,171.92,161.71,Mixed-Use,6,0.096,0.743,0.757,0.498,0.61,1.09,0,0.621,2.47,1.364,residential,<1950,2.0,91.3,1935.0,True,0.277,0.4396,0.1039,0.1795,Amenities
900233,233,60,426685.486,4581949.401,6,388.98,85.68,12.5,27.1,1.547,13.9,112.96,198.52,Mixed-Use,3,0.514,0.867,0.938,0.975,0.656,1.192,0,0.865,7.01,1.902,residential,<1950,5.0,1944.9,1935.0,True,0.2067,0.0955,0.4636,0.2341,Institutional
900234,234,47,426796.9,4582333.519,5,529.83,101.58,21.19,26.29,2.858,8.57,230.9,105.18,Institutional,11,0.175,0.982,0.817,0.548,0.945,0.705,1,0.702,2.8,0.534,residential,1950-1962,3.0,1589.5,1956.0,True,0.1702,0.0895,0.4718,0.2685,Institutional
900235,235,16,425048.354,4584275.361,6,54.33,28.64,6.13,10.78,2.837,9.37,100.05,169.25,Mixed-Use,4,0.873,0.881,0.961,0.887,0.632,0.616,0,0.485,0.05,0.949,residential,,,,,False,0.4043,0.1507,0.2283,0.2168,Mixed-Use
900236,236,35,428470.067,4580289.745,5,57.67,33.65,6.21,10.41,1.829,11.57,45.13,177.96,Institutional,3,0.509,0.956,0.928,0.431,0.997,0.621,4,0.88,8.29,0.525,residential,1963-1968,4.0,230.7,1965.0,True,0.6229,0.178,0.1839,0.0152,Mixed-Use
900237,237,69,429311.037,4584188.385,5,36.06,25.98,4.87,9.37,2.517,18.23,101.68,69.77,Mixed-Use,9,0.559,0.906,0.832,0.21,0.966,0.904,0,0.394,0.61,1.476,industrial,,,,,False,0.0959,0.6042,0.0331,0.2668,Amenities
900238,238,49,427100.755,4583906.353,7,68.64,35.68,5.51,14.32,2.598,7.64,53.58,171.41,Residential,6,0.688,0.971,0.8,0.699,0.656,0.915,0,0.681,3.8,1.135,residential,1975-1994,3.0,205.9,1985.0,True,0.3877,0.2477,0.0457,0.3189,Mixed-Use
900239,239,49,429420.844,4584855.108,7,12.37,14.3,3.28,4.79,2.163,13.82,218.64,16.49,Mixed-Use,0,0.789,0.943,0.933,0.707,0.682,1.172,1,0.538,8.21,0.953,residential,1975-1994,5.0,61.8,1985.0,True,0.4064,0.1603,0.2272,0.2061,Mixed-Use
900240,240,57,429124.059,4581445.757,7,59.51,31.86,6.71,13.65,2.01,6.78,112.47,198.86,Institutional,9,0.957,0.926,0.922,0.461,0.898,1.142,2,0.334,3.99,1.225,residential,<1950,2.0,119.0,1935.0,False,0.1399,0.1058,0.7198,0.0345,Institutional
900241,241,10,428835.837,4582959.48,5,418.86,76.3,15.93,24.49,1.806,5.2,130.25,160.97,Mixed-Use,10,0.206,0.749,0.952,0.286,0.544,0.221,0,0.855,4.07,0.751,residential,<1950,2.0,837.7,1935.0,True,0.0884,0.5199,0.2747,0.117,Amenities
900242,242,80,426817.6,4584467.273,6,112.56,47.29,7.87,17.83,2.104,8.36,206.79,50.77,Mixed-Use,7,0.387,0.885,0.806,0.363,0.787,0.991,0,0.43,10.72,1.988,residential,,,,,False,0.1697,0.4617,0.1122,0.2565,Amenities
900243,243,79,428939.922,4580115.438,5,294.03,72.97,10.78,25.6,1.614,5.04,224.28,83.1,Institutional,1,0.381,0.923,0.824,0.435,0.614,1.11,1,0.222,1.93,1.504,residential,,,,,False,0.1348,0.0407,0.6082,0.2163,Institutional
900244,244,45,428068.97,4584116.075,5,100.37,39.77,9.47,12.85,1.435,5.13,171.97,12.04,Mixed-Use,6,0.373,0.935,0.962,0.686,0.727,0.267,1,0.206,9.42,1.682,residential,<1950,2.0,200.7,1935.0,False,0.0753,0.0586,0.225,0.6411,Residential
900245,245,8,429765.389,4584078.47,7,607.0,98.49,20.93,26.52,2.178,5.03,149.27,8.06,Residential,8,0.693,0.948,0.874,0.546,0.766,1.176,4,0.514,1.4,1.82,residential,<1950,2.0,1214.0,1935.0,True,0.2315,0.2571,0.051,0.4603,Residential
900246,246,36,425716.585,4583253.246,5,174.06,53.1,11.95,18.98,1.087,1.99,164.85,105.34,Residential,4,0.615,0.856,0.934,0.797,0.87,0.442,1,0.386,3.32,1.796,residential,,,,,False,0.305,0.347,0.0224,0.3257,Amenities
900247,247,18,428978.492,4582891.154,5,109.33,42.01,9.88,17.85,2.017,7.45,206.69,214.76,Institutional,0,0.829,0.794,0.817,0.677,0.892,0.523,1,0.275,3.52,1.396,residential,,,,,False,0.4177,0.3885,0.0534,0.1405,Mixed-Use
900248,248,57,427194.833,4584784.681,5,1143.6,127.54,25.04,47.79,2.675,3.51,93.3,103.65,Mixed-Use,7,0.781,0.804,0.978,0.488,0.939,0.237,1,0.3,2.01,1.968,agriculture,,,,,False,0.4312,0.0983,0.0743,0.3961,Mixed-Use
900249,249,80,426267.735,4581976.58,5,114.48,40.97,8.16,12.58,1.059,6.63,212.13,121.44,Institutional,8,0.909,0.891,0.715,0.791,0.623,1.125,2,0.713,11.82,2.045,residential,1969-1974,2.0,229.0,1971.0,True,0.1015,0.1506,0.3638,0.3841,Residential
900250,250,74,425156.521,4581955.32,5,55.87,28.14,7.22,9.91,2.67,15.6,247.88,156.56,Mixed-Use,2,0.881,0.858,0.96,0.973,0.768,0.239,1,0.549,5.78,1.207,residential,>1994,5.0,279.3,2004.0,True,0.1543,0.247,0.2911,0.3076,Residential
900251,251,63,429644.576,4581818.088,5,174.43,57.1,8.49,23.61,2.922,5.28,103.31,142.27,Mixed-Use,4,0.869,0.894,0.811,0.636,0.875,0.53,3,0.607,6.66,1.617,residential,<1950,2.0,348.9,1935.0,True,0.1027,0.4454,0.2858,0.1661,Amenities
900252,252,2,425210.214,4582518.656,7,143.87,43.72,9.34,18.69,1.192,5.22,201.41,27.97,Institutional,2,0.12,0.979,0.707,0.84,0.606,0.91,0,0.271,2.07,0.661,residential,,,,,False,0.0699,0.1675,0.3803,0.3823,Residential
900253,253,70,429314.927,4583523.796,5,348.3,75.25,16.0,32.02,1.145,14.88,207.68,143.82,Institutional,7,0.259,0.994,0.982,0.758,0.957,1.175,1,0.838,4.45,0.785,residential,>1994,5.0,1741.5,2004.0,True,0.0998,0.5618,0.1316,0.2069,Amenities
900254,254,3,426907.556,4582196.823,6,71.0,30.7,5.53,8.45,1.061,9.49,122.63,73.4,Mixed-Use,1,0.355,0.948,0.932,0.979,0.648,1.088,2,0.756,3.95,0.637,residential,1950-1962,3.0,213.0,1956.0,True,0.1058,0.4217,0.234,0.2385,Amenities
900255,255,43,429476.238,4582165.678,5,282.53,62.94,12.34,17.36,2.164,12.03,200.74,12.93,Institutional,9,0.06,0.914,0.995,0.325,0.556,1.1,2,0.122,0.74,1.283,residential,,,,,False,0.2615,0.4576,0.0404,0.2404,Amenities
900256,256,79,426568.431,4580941.232,7,293.59,68.6,12.09,24.98,1.811,5.78,23.2,11.78,Mixed-Use,7,0.837,0.829,0.92,0.547,0.899,0.386,3,0.147,9.07,1.238,residential,,,,,False,0.7185,0.0729,0.1052,0.1034,Mixed-Use
900257,257,67,428323.442,4582747.661,5,86.99,35.81,9.13,11.58,2.347,10.61,33.98,93.7,Amenities,7,0.135,0.946,0.872,0.926,0.626,0.805,0,0.357,4.8,1.451,residential,,,,,False,0.2416,0.4174,0.3253,0.0156,Amenities
900258,258,44,426825.051,4581066.352,5,169.12,49.25,7.81,21.49,1.366,4.82,18.74,201.36,Mixed-Use,4,0.64,0.807,0.88,0.537,0.625,0.333,4,0.005,5.3,1.055,residential,<1950,2.0,338.2,1935.0,False,0.1662,0.2868,0.4288,0.1182,Institutional
900259,259,66,426675.37,4583110.997,7,76.36,35.43,5.95,13.34,2.399,4.85,216.28,11.25,Mixed-Use,11,0.282,0.895,0.831,0.652,0.93,0.518,1,0.528,11.68,1.13,agriculture,,,,,True,0.0588,0.0812,0.2497,0.6103,Residential
900260,260,5,428233.617,4584899.216,5,969.37,123.24,30.93,41.4,1.848,9.76,104.93,235.01,Institutional,10,0.087,0.972,0.905,0.411,0.893,0.417,2,0.86,1.81,1.045,office,,,,,True,0.0532,0.4406,0.297,0.2092,Amenities
900261,261,31,428877.672,4582227.363,5,84.49,34.88,6.59,13.59,2.899,5.06,186.15,78.73,Mixed-Use,7,0.835,0.875,0.929,0.439,0.541,1.051,3,0.034,10.02,0.813,residential,,,,,False,0.4221,0.0786,0.0561,0.4432,Residential
900262,262,53,425706.334,4580761.229,5,103.29,39.43,6.93,16.73,2.379,10.72,81.01,58.57,Mixed-Use,1,0.643,0.814,0.936,0.668,0.602,0.647,0,0.704,3.36,0.918,industrial,,,,,True,0.2276,0.2345,0.1742,0.3636,Residential
900263,263,28,425422.201,4584962.753,5,63.26,29.76,7.38,11.5,2.17,26.19,215.55,126.86,Mixed-Use,3,0.186,0.755,1.0,0.401,0.699,0.933,2,0.824,2.67,0.427,residential,1950-1962,9.0,569.3,1956.0,True,0.0525,0.4233,0.4685,0.0557,Institutional
900264,264,8,426187.826,4581950.542,5,112.52,44.52,9.66,11.13,2.064,2.78,83.53,22.94,Institutional,0,0.927,0.908,0.949,0.261,0.712,0.726,3,0.689,1.19,0.78,residential,1969-1974,1.0,112.5,1971.0,True,0.0484,0.1085,0.4669,0.3762,Institutional
900265,265,39,425731.208,4582499.073,5,147.72,49.08,9.2,15.7,1.829,4.65,175.34,37.18,Mixed-Use,9,0.567,0.833,0.884,0.71,0.917,0.463,3,0.672,10.14,1.464,residential,<1950,2.0,295.4,1935.0,True,0.0871,0.1404,0.4409,0.3316,Institutional
900266,266,9,426215.009,4584367.633,6,274.3,68.52,12.83,22.3,1.22,13.01,227.69,176.08,Mixed-Use,3,0.571,0.743,0.832,0.482,0.937,0.813,1,0.685,0.55,1.619,residential,,,,,True,0.3477,0.3036,0.1443,0.2044,Mixed-Use
900267,267,37,429616.946,4583542.113,6,91.07,39.83,6.97,11.84,2.606,6.49,109.95,145.3,Mixed-Use,5,0.019,0.818,0.766,0.491,0.999,0.292,3,0.828,0.25,0.414,residential,,,,,True,0.1807,0.3073,0.1708,0.3412,Residential
900268,268,33,429532.161,4582326.702,7,127.92,50.52,10.55,16.4,2.296,13.31,213.47,98.88,Institutional,4,0.024,0.958,0.71,0.442,0.587,1.078,0,0.894,9.69,2.057,public services,1950-1962,4.0,511.7,1956.0,True,0.3764,0.3451,0.0989,0.1796,Mixed-Use
900269,269,54,428089.604,4584314.736,6,47.79,27.29,4.59,10.81,1.41,4.03,177.45,143.64,Mixed-Use,6,0.089,0.976,0.903,0.249,0.52,0.32,4,0.495,11.11,0.702,residential,,,,,False,0.4447,0.3678,0.0412,0.1463,Mixed-Use
900270,270,54,429532.109,4581242.108,5,76.56,36.39,7.06,13.23,1.078,8.43,35.04,77.98,Residential,8,0.389,0.974,0.931,0.517,0.775,1.163,2,0.674,5.7,1.59,residential,,,,,True,0.0854,0.5158,0.2834,0.1153,Amenities
900271,271,55,426463.271,4580908.46,5,1345.67,143.01,26.97,46.43,1.212,6.47,108.88,146.97,Mixed-Use,10,0.553,0.703,0.735,0.314,0.589,0.65,3,0.241,4.26,0.926,public services,,,,,False,0.3577,0.1332,0.1035,0.4056,Residential
900272,272,66,425470.871,4583259.615,5,341.38,71.93,11.4,30.41,1.029,7.59,202.39,140.66,Amenities,3,0.528,0.804,0.913,0.707,0.754,1.165,2,0.585,8.41,1.908,residential,,,,,True,0.1972,0.3826,0.3036,0.1167,Amenities
900273,273,37,426828.632,4581910.375,5,79.43,35.66,8.53,13.0,2.931,8.43,238.69,160.14,Mixed-Use,8,0.822,0.789,0.965,0.455,0.665,0.498,0,0.881,1.98,0.927,office,<1950,3.0,238.3,1935.0,True,0.422,0.3326,0.1602,0.0852,Mixed-Use
900274,274,69,429398.019,4582674.237,5,50.91,28.2,5.31,9.94,2.176,3.59,67.9,17.21,Institutional,10,0.166,0.914,0.803,0.874,0.891,0.364,3,0.275,0.56,0.542,residential,,,,,False,0.3733,0.2842,0.1003,0.2421,Mixed-Use
900275,275,5,425141.099,4583756.285,5,68.0,35.36,6.68,9.48,1.831,3.89,74.29,169.71,Mixed-Use,5,0.518,0.756,0.879,0.579,0.535,0.374,2,0.052,9.23,1.346,residential,<1950,1.0,68.0,1935.0,False,0.4649,0.0586,0.2086,0.2678,Mixed-Use
900276,276,31,429374.881,4582360.394,6,145.86,48.59,8.85,21.26,1.745,15.17,10.38,125.02,Mixed-Use,8,0.85,0.763,0.927,0.847,0.692,0.87,2,0.736,11.24,0.955,agriculture,,,,,True,0.0917,0.5319,0.3051,0.0714,Amenities
900277,277,28,427288.535,4584698.869,5,152.59,45.09,8.29,13.74,2.641,8.26,176.24,222.79,Mixed-Use,4,0.054,0.962,0.975,0.353,0.8,0.575,4,0.645,7.86,0.513,residential,,,,,True,0.3572,0.1528,0.0858,0.4042,Residential
900278,278,79,428722.229,4580735.32,5,81.82,32.57,7.29,11.4,1.93,7.45,147.3,203.13,Institutional,11,0.514,0.845,0.904,0.828,0.844,0.703,4,0.38,10.83,1.831,residential,,,,,False,0.0907,0.0711,0.1007,0.7375,Residential
900279,279,3,427635.693,4584195.047,5,53.02,29.3,5.73,11.04,2.861,6.86,186.26,120.42,Mixed-Use,6,0.265,0.936,0.779,0.34,0.703,0.601,1,0.593,11.4,1.757,residential,,,,,True,0.3424,0.0352,0.6004,0.022,Institutional
900280,280,12,425451.356,4583944.797,7,463.08,86.29,19.29,34.09,2.305,8.55,16.54,154.06,Mixed-Use,11,0.967,0.902,0.968,0.211,0.962,0.93,1,0.227,3.85,1.043,residential,1950-1962,3.0,1389.2,1956.0,False,0.134,0.1892,0.6296,0.0472,Institutional
900281,281,42,428668.845,4580590.192,7,213.01,61.24,13.4,16.05,1.428,3.72,169.46,114.81,Mixed-Use,0,0.091,0.813,0.996,0.623,0.929,0.452,4,0.278,7.02,0.731,residential,<1950,1.0,213.0,1935.0,False,0.2513,0.4137,0.1017,0.2334,Amenities
900282,282,54,425637.976,4582756.192,7,109.99,41.33,8.99,18.2,2.767,4.06,177.97,147.51,Mixed-Use,9,0.357,0.96,0.736,0.53,0.984,0.922,1,0.578,5.14,1.186,residential,,,,,True,0.1046,0.2428,0.209,0.4436,Residential
900283,283,4,429725.136,4583919.746,5,124.4,49.86,7.05,19.8,2.479,14.4,230.57,76.31,Mixed-Use,7,0.146,0.97,0.801,0.374,0.6,0.691,1,0.241,8.75,1.785,residential,<1950,5.0,622.0,1935.0,False,0.1648,0.1557,0.4133,0.2662,Institutional
900284,284,19,427558.386,4582074.001,5,97.16,41.51,6.9,16.56,1.415,7.64,19.99,122.93,Mixed-Use,10,0.404,0.984,0.879,0.959,0.518,0.958,4,0.1,0.59,0.593,residential,<1950,3.0,291.5,1935.0,False,0.1735,0.1353,0.2078,0.4833,Residential
900285,285,3,428226.637,4582426.021,5,14.17,16.3,2.53,5.68,2.225,11.22,159.41,12.03,Institutional,4,0.773,0.805,0.725,0.661,0.745,0.967,1,0.256,10.01,1.035,residential,>1994,4.0,56.7,2004.0,False,0.521,0.2126,0.0661,0.2003,Mixed-Use
900286,286,57,425072.512,4583727.467,6,162.8,47.85,7.92,18.32,2.052,5.04,237.55,136.18,Mixed-Use,4,0.056,0.99,0.877,0.885,0.671,0.417,3,0.201,8.95,1.878,public services,,,,,False,0.7372,0.0409,0.0724,0.1496,Mixed-Use
900287,287,32,425686.182,4584307.781,7,63.03,30.48,7.05,14.02,1.342,14.99,159.25,116.0,Mixed-Use,8,0.414,0.859,0.944,0.242,0.853,0.778,0,0.234,7.96,1.623,residential,,,,,False,0.2632,0.3187,0.1156,0.3025,Amenities
900288,288,38,429087.031,4581968.02,5,66.54,32.67,5.97,12.72,2.02,8.5,66.31,60.47,Mixed-Use,4,0.849,0.715,0.915,0.332,0.668,0.246,1,0.08,9.7,0.551,agriculture,1975-1994,3.0,199.6,1985.0,False,0.1331,0.1744,0.4906,0.202,Institutional
900289,289,56,425290.763,4584185.583,5,88.92,39.71,7.61,16.12,2.779,9.16,108.11,199.73,Mixed-Use,9,0.207,0.821,0.761,0.395,0.577,1.172,4,0.341,7.63,1.981,residential,>1994,3.0,266.8,2004.0,False,0.1677,0.067,0.2084,0.5569,Residential
900290,290,3,425209.892,4584061.669,5,266.62,61.68,13.01,25.48,2.637,9.5,189.0,198.09,Mixed-Use,9,0.867,0.961,0.765,0.275,0.873,0.78,3,0.64,10.42,1.843,residential,1975-1994,3.0,799.9,1985.0,True,0.1021,0.0759,0.3649,0.4571,Residential
900291,291,38,425433.017,4580593.114,7,58.18,33.42,5.9,7.72,2.763,4.53,219.91,118.87,Institutional,1,0.051,0.853,0.918,0.994,0.8,0.499,3,0.399,0.57,0.576,residential,,,,,False,0.2298,0.3319,0.2853,0.153,Amenities
900292,292,4,425871.667,4583344.189,6,47.11,26.95,6.67,8.17,2.954,2.52,133.87,234.71,Mixed-Use,5,0.156,0.732,0.735,0.527,0.77,1.081,2,0.635,6.02,0.916,public services,,,,,True,0.4054,0.0328,0.3317,0.23,Mixed-Use
900293,293,45,428753.049,4584118.875,5,247.62,68.46,12.82,23.63,2.995,3.89,158.4,113.74,Institutional,7,0.763,0.869,0.826,0.278,0.797,0.859,2,0.23,1.33,1.132,residential,>1994,1.0,247.6,2004.0,False,0.2004,0.3081,0.4047,0.0868,Institutional
900294,294,24,428325.749,4584185.221,7,271.37,70.24,10.79,27.53,2.517,17.23,241.93,119.31,Amenities,4,0.21,0.815,0.949,0.558,0.566,0.253,4,0.764,7.43,1.865,residential,,,,,True,0.4711,0.1005,0.257,0.1715,Mixed-Use
900295,295,41,428953.89,4582090.776,5,68.91,30.63,5.28,13.09,2.964,14.37,167.0,169.23,Mixed-Use,1,0.104,0.943,0.717,0.972,0.991,1.117,4,0.694,10.56,1.375,public services,,,,,True,0.106,0.0645,0.3932,0.4362,Residential
900296,296,8,428809.076,4581077.585,7,232.74,65.2,12.09,22.31,1.28,5.81,120.36,160.09,Mixed-Use,1,0.543,0.81,0.954,0.673,0.766,0.382,2,0.737,1.22,1.17,residential,,,,,True,0.1455,0.3256,0.3062,0.2227,Amenities
900297,297,11,425323.818,4580853.959,5,117.53,47.69,6.99,11.85,1.9,5.95,35.11,77.61,Mixed-Use,11,0.401,0.896,0.89,0.952,0.826,0.8,2,0.794,0.08,1.373,residential,,,,,True,0.0662,0.5767,0.2576,0.0995,Amenities
900298,298,56,426236.166,4584262.912,5,188.87,63.18,11.56,19.89,1.255,12.43,192.4,225.92,Mixed-Use,3,0.274,0.775,0.726,0.314,0.624,0.65,1,0.122,4.82,0.927,residential,,,,,False,0.4007,0.1898,0.2541,0.1553,Mixed-Use
900299,299,72,429643.534,4581667.615,7,54.12,28.98,5.9,9.38,1.887,6.41,227.53,217.62,Mixed-Use,9,0.023,0.775,0.745,0.774,0.744,0.377,4,0.685,1.04,0.462,agriculture,,,,,True,0.2384,0.4188,0.1859,0.157,Amenities
900300,300,37,427677.235,4584029.089,5,288.97,61.81,15.95,24.52,1.099,3.44,108.2,19.96,Institutional,2,0.013,0.717,0.798,0.771,0.859,0.366,1,0.773,7.77,0.684,residential,,,,,True,0.1345,0.0309,0.2371,0.5975,Residential
900301,301,15,428519.937,4583041.171,5,388.62,78.04,16.95,28.07,1.04,14.1,87.67,41.1,Mixed-Use,4,0.341,0.725,0.817,0.63,0.889,0.265,0,0.393,5.53,2.052,residential,,,,,False,0.1226,0.1247,0.4696,0.283,Institutional
900302,302,52,429885.167,4581086.427,5,247.07,65.78,15.14,25.6,2.007,9.14,40.05,167.14,Mixed-Use,4,0.373,0.75,0.75,0.397,0.725,0.394,1,0.421,5.48,1.435,residential,>1994,3.0,741.2,2004.0,False,0.3757,0.34,0.1015,0.1828,Mixed-Use
900303,303,78,429634.52,4582098.472,5,231.98,63.07,13.16,25.71,1.829,1.76,113.97,121.16,Mixed-Use,11,0.044,0.726,0.987,0.537,0.77,1.054,3,0.724,8.32,1.209,residential,<1950,1.0,232.0,1935.0,True,0.1715,0.1692,0.5111,0.1482,Institutional
900304,304,54,429634.192,4584033.756,5,7.26,9.78,2.5,2.7,2.559,5.92,244.3,37.4,Amenities,8,0.344,0.804,0.759,0.615,0.858,0.844,4,0.018,4.38,1.417,residential,1950-1962,2.0,14.5,1956.0,False,0.1051,0.4144,0.3059,0.1747,Amenities
900305,305,3,427051.847,4584350.608,5,182.82,49.1,11.15,18.53,1.397,7.61,153.13,96.84,Amenities,10,0.927,0.928,0.972,0.89,0.678,0.996,2,0.362,10.19,1.366,residential,,,,,False,0.1702,0.0373,0.3889,0.4036,Residential
900306,306,4,427678.596,4581763.829,5,145.42,48.71,9.54,18.66,1.262,9.16,116.42,99.21,Amenities,9,0.511,0.762,0.75,0.633,0.789,0.933,3,0.71,6.65,1.629,residential,,,,,True,0.2577,0.2968,0.2093,0.2362,Amenities
900307,307,48,425335.93,4583902.364,7,131.94,51.43,10.59,14.75,1.254,7.64,10.81,140.87,Institutional,9,0.34,0.948,0.958,0.849,0.998,1.177,1,0.377,3.57,1.544,public services,<1950,3.0,395.8,1935.0,False,0.2894,0.0202,0.5245,0.1659,Institutional
900308,308,34,425238.619,4580286.26,5,89.62,34.76,8.95,15.46,2.316,4.95,130.03,187.4,Mixed-Use,5,0.764,0.757,0.779,0.457,0.712,0.843,0,0.121,3.1,0.836,residential,<1950,2.0,179.2,1935.0,False,0.5291,0.0782,0.3102,0.0825,Mixed-Use
900309,309,16,427672.53,4582643.829,5,155.13,55.17,10.18,12.53,1.357,6.6,81.66,89.25,Mixed-Use,3,0.725,0.856,0.749,0.459,0.674,1.096,3,0.397,0.5,0.458,residential,,,,,False,0.062,0.486,0.0486,0.4034,Amenities
900310,310,55,426150.198,4580692.041,5,206.37,59.42,13.76,16.26,1.558,8.27,61.95,161.81,Institutional,2,0.76,0.752,0.762,0.729,0.952,0.596,1,0.366,1.24,0.943,public services,>1994,3.0,619.1,2004.0,False,0.1806,0.4908,0.3202,0.0085,Amenities
900311,311,3,426761.728,4584812.287,7,120.18,49.14,8.89,15.73,2.367,6.07,91.92,161.07,Mixed-Use,7,0.605,0.833,0.888,0.996,0.64,1.152,4,0.778,0.17,1.207,industrial,,,,,True,0.0444,0.0855,0.1378,0.7323,Residential
900312,312,73,426246.983,4583491.852,7,102.45,40.05,8.95,10.62,1.974,5.73,200.28,130.88,Amenities,1,0.03,0.714,0.805,0.283,0.824,1.002,3,0.247,9.99,2.045,residential,>1994,2.0,204.9,2004.0,False,0.6848,0.2246,0.0865,0.0041,Mixed-Use
900313,313,2,427334.288,4581772.479,5,396.95,87.98,14.33,30.6,1.541,13.99,153.21,144.53,Residential,7,0.075,0.766,0.891,0.901,0.746,0.682,4,0.205,11.84,1.049,residential,1975-1994,5.0,1984.8,1985.0,False,0.2437,0.2482,0.1034,0.4047,Residential
900314,314,76,429636.569,4584806.939,5,61.3,32.55,7.26,13.61,2.028,4.18,85.4,42.65,Amenities,2,0.856,0.998,0.792,0.269,0.794,0.774,3,0.319,3.2,0.648,office,1975-1994,1.0,61.3,1985.0,False,0.1128,0.169,0.4321,0.2861,Institutional
900315,315,66,426151.574,4580500.965,5,338.36,69.1,11.5,30.67,1.3,5.8,210.77,116.78,Residential,7,0.866,0.869,0.977,0.945,0.66,0.576,4,0.74,5.61,2.069,public services,1950-1962,2.0,676.7,1956.0,True,0.0844,0.2339,0.091,0.5908,Residential
900316,316,31,425407.743,4582245.858,7,170.96,49.7,11.25,20.4,1.638,2.3,142.28,106.53,Mixed-Use,1,0.403,0.969,0.945,0.548,0.824,1.105,0,0.548,0.42,0.651,residential,,,,,True,0.0507,0.1966,0.3839,0.3688,Institutional
900317,317,12,429766.307,4581542.833,5,77.99,40.36,8.29,15.29,2.627,9.46,167.7,137.85,Mixed-Use,7,0.915,0.812,0.906,0.546,0.89,0.288,2,0.524,9.94,2.106,office,1975-1994,3.0,234.0,1985.0,True,0.1248,0.0598,0.7012,0.1142,Institutional
900318,318,47,428185.626,4584962.155,7,117.69,42.36,7.25,17.12,2.767,11.08,103.54,129.46,Mixed-Use,10,0.644,0.807,0.887,0.547,0.539,0.478,2,0.627,10.3,0.928,residential,,,,,True,0.3539,0.2431,0.3592,0.0438,Institutional
900319,319,67,426851.518,4580442.325,7,71.09,30.72,5.6,13.14,2.898,9.5,208.1,5.65,Institutional,11,0.77,0.788,0.91,0.475,0.983,1.163,4,0.07,0.72,1.135,residential,1969-1974,3.0,213.3,1971.0,False,0.1908,0.2918,0.2739,0.2435,Amenities
900320,320,75,427514.545,4582637.984,5,254.69,64.49,9.58,16.0,1.743,11.64,133.84,125.58,Residential,3,0.458,0.712,0.797,0.541,0.682,1.153,1,0.496,10.19,0.446,industrial,,,,,False,0.4303,0.07,0.3471,0.1526,Mixed-Use
900321,321,10,425484.459,4581114.173,5,196.04,58.57,10.56,16.13,1.535,8.96,107.42,119.18,Mixed-Use,6,0.384,0.851,0.775,0.86,0.673,0.804,3,0.168,3.06,0.415,residential,1963-1968,3.0,588.1,1965.0,False,0.1085,0.1917,0.4943,0.2055,Institutional
900322,322,4,426555.453,4583477.355,7,95.07,41.84,7.14,15.01,1.072,8.49,91.25,64.94,Mixed-Use,6,0.392,0.913,0.862,0.724,0.629,0.956,0,0.42,10.92,0.903,residential,<1950,3.0,285.2,1935.0,False,0.1864,0.0297,0.4779,0.306,Institutional
900323,323,79,425193.15,4582353.215,6,61.45,28.23,7.53,12.77,2.244,9.12,171.15,106.64,Institutional,4,0.325,0.881,0.878,0.269,0.982,0.449,2,0.074,8.68,0.784,residential,,,,,False,0.3241,0.2492,0.1044,0.3223,Mixed-Use
900324,324,79,425750.414,4584264.684,6,188.93,52.09,13.23,24.38,1.663,6.07,229.45,26.38,Amenities,1,0.282,0.83,0.75,0.494,0.531,0.727,3,0.538,10.18,1.677,residential,1969-1974,2.0,377.9,1971.0,True,0.2861,0.4432,0.0461,0.2247,Amenities
900325,325,27,427371.668,4583580.599,6,319.23,64.43,15.45,29.02,1.088,13.51,240.93,210.12,Residential,9,0.959,0.758,0.972,0.934,0.521,0.611,2,0.85,11.84,1.623,residential,,,,,True,0.0921,0.3838,0.4354,0.0888,Institutional
900326,326,37,425412.514,4583806.423,6,135.49,44.34,9.91,14.13,2.074,5.8,81.25,211.2,Amenities,10,0.208,0.921,0.858,0.804,0.761,0.975,4,0.251,6.51,1.749,residential,<1950,2.0,271.0,1935.0,False,0.2003,0.4403,0.2333,0.1261,Amenities
900327,327,19,426617.16,4581573.576,5,207.41,61.03,13.71,18.51,1.343,3.14,154.8,221.17,Mixed-Use,10,0.412,0.91,0.956,0.872,0.566,0.428,4,0.136,7.47,1.349,residential,,,,,False,0.4627,0.1645,0.1972,0.1757,Mixed-Use
900328,328,68,427960.898,4580781.579,7,109.86,40.93,9.05,17.17,1.318,11.22,61.03,189.91,Mixed-Use,0,0.473,0.823,0.886,0.981,0.968,0.767,3,0.874,1.52,1.736,residential,,,,,True,0.4523,0.3391,0.0824,0.1263,Mixed-Use
900329,329,39,429310.857,4581931.582,5,156.66,47.49,8.24,17.86,1.098,19.45,223.36,209.11,Mixed-Use,4,0.459,0.748,0.714,0.963,0.995,0.785,0,0.61,1.84,2.157,residential,1975-1994,6.0,940.0,1985.0,True,0.3294,0.345,0.2379,0.0878,Amenities
900330,330,14,426142.662,4580187.215,5,117.56,47.3,7.34,12.92,2.819,4.15,234.91,153.48,Institutional,1,0.179,0.939,0.854,0.604,0.85,0.831,2,0.811,7.27,0.672,residential,1963-1968,1.0,117.6,1965.0,True,0.0337,0.385,0.4743,0.1071,Institutional
900331,331,19,426814.218,4581217.395,5,187.77,56.64,10.0,17.34,2.092,6.65,156.56,179.07,Mixed-Use,11,0.364,0.971,0.765,0.774,0.556,1.184,2,0.333,11.46,1.689,residential,,,,,False,0.6484,0.3122,0.018,0.0215,Mixed-Use
900332,332,75,426386.333,4583071.444,6,44.35,28.22,6.21,8.5,1.253,4.82,211.33,113.42,Mixed-Use,3,0.454,0.896,0.78,0.377,0.642,1.027,4,0.697,8.21,1.152,residential,,,,,True,0.0534,0.2992,0.2293,0.4181,Residential
900333,333,19,426431.686,4581009.078,7,248.48,69.41,15.06,21.71,1.294,5.7,29.16,155.1,Mixed-Use,7,0.374,0.842,0.965,0.59,0.729,1.101,4,0.492,2.94,0.692,residential,<1950,2.0,497.0,1935.0,False,0.089,0.266,0.4899,0.1552,Institutional
900334,334,62,429800.742,4580193.314,7,123.48,42.64,9.96,19.87,2.876,7.21,173.54,19.99,Mixed-Use,9,0.095,0.97,0.967,0.785,0.997,0.481,1,0.619,3.19,1.796,residential,1969-1974,2.0,247.0,1971.0,True,0.4684,0.0949,0.1523,0.2844,Mixed-Use
900335,335,47,427165.423,4582816.872,5,197.73,51.45,12.84,18.24,1.151,3.55,193.04,139.22,Mixed-Use,10,0.072,0.791,0.896,0.296,0.506,0.367,2,0.057,3.13,2.14,residential,,,,,False,0.4134,0.1692,0.3631,0.0543,Mixed-Use
900336,336,53,429047.126,4583902.542,5,113.04,45.33,6.78,12.93,2.235,6.03,226.78,84.25,Mixed-Use,3,0.858,0.847,0.92,0.674,0.508,0.884,0,0.247,2.01,0.741,residential,1950-1962,2.0,226.1,1956.0,False,0.2561,0.2662,0.3661,0.1116,Institutional
900337,337,73,425748.807,4580945.733,7,191.77,60.87,11.69,18.19,1.06,3.14,213.84,22.97,Mixed-Use,2,0.199,1.0,0.743,0.787,0.999,1.073,3,0.468,5.61,2.024,residential,,,,,False,0.1406,0.1492,0.1767,0.5334,Residential
900338,338,14,427306.966,4584615.68,5,62.93,32.67,6.63,13.08,1.763,5.14,159.99,108.87,Mixed-Use,3,0.35,0.756,0.911,0.254,0.669,0.253,2,0.611,0.93,1.853,industrial,1975-1994,2.0,125.9,1985.0,True,0.4761,0.1089,0.2698,0.1452,Mixed-Use
900339,339,80,427337.879,4581708.651,5,384.26,86.42,14.02,20.81,2.885,3.66,47.29,190.92,Mixed-Use,6,0.97,0.906,0.886,0.364,0.726,1.027,3,0.117,0.65,2.076,residential,<1950,1.0,384.3,1935.0,False,0.2222,0.2724,0.3739,0.1315,Institutional
900340,340,36,428111.645,4582651.814,5,37.98,24.41,6.14,9.88,1.734,3.93,210.52,202.41,Mixed-Use,1,0.406,0.839,0.912,0.291,0.925,0.587,3,0.071,6.23,1.352,residential,,,,,False,0.2978,0.3036,0.2211,0.1776,Amenities
900341,341,6,428363.685,4583164.913,5,64.63,34.69,4.87,13.8,1.889,2.73,65.81,33.65,Amenities,4,0.304,0.932,0.771,0.643,0.562,0.228,0,0.239,7.54,1.659,residential,,,,,False,0.0147,0.2345,0.095,0.6558,Residential
900342,342,47,426961.732,4582742.064,5,179.21,55.25,9.81,16.89,1.142,13.74,166.82,20.87,Institutional,4,0.214,0.999,0.733,0.54,0.933,0.328,1,0.677,0.73,1.947,residential,,,,,True,0.1493,0.2277,0.0595,0.5635,Residential
900343,343,38,425991.432,4582912.823,6,478.32,85.9,19.93,38.5,1.143,9.3,23.82,96.15,Mixed-Use,4,0.494,0.875,0.916,0.567,0.852,0.672,1,0.788,1.96,1.545,residential,<1950,3.0,1435.0,1935.0,True,0.0731,0.2263,0.5001,0.2004,Institutional
900344,344,33,429723.697,4580517.295,7,185.4,58.15,9.93,23.37,2.147,2.45,79.17,95.98,Mixed-Use,8,0.639,0.921,0.78,0.968,0.944,0.646,3,0.06,7.77,1.472,residential,<1950,1.0,185.4,1935.0,False,0.4436,0.1392,0.3434,0.0738,Mixed-Use
900345,345,17,426852.151,4582501.406,5,121.71,41.07,6.96,19.63,2.908,5.06,131.99,205.54,Residential,4,0.575,0.814,0.988,0.636,0.912,0.604,2,0.705,11.9,0.642,residential,<1950,2.0,243.4,1935.0,True,0.2939,0.0888,0.2245,0.3928,Residential
900346,346,72,425624.742,4583749.186,5,47.46,28.22,5.93,12.19,2.734,4.86,205.16,143.05,Amenities,9,0.458,0.777,0.845,0.985,0.564,0.357,2,0.439,4.99,1.403,residential,,,,,False,0.2637,0.1572,0.4078,0.1712,Institutional
900347,347,5,427708.568,4580707.352,5,127.36,48.45,8.66,14.15,2.301,4.81,14.78,190.54,Mixed-Use,9,0.089,0.889,0.998,0.288,0.644,0.297,2,0.897,4.37,1.884,residential,,,,,True,0.2159,0.1969,0.2515,0.3358,Residential
900348,348,45,426034.487,4584643.635,7,146.07,52.17,8.58,21.16,2.957,3.17,44.28,42.87,Residential,9,0.519,0.759,0.918,0.367,0.858,0.802,0,0.399,10.11,0.526,residential,,,,,False,0.0633,0.2646,0.4465,0.2256,Institutional
900349,349,16,429003.772,4580317.224,5,573.9,89.13,15.53,28.01,1.863,10.64,196.9,17.24,Mixed-Use,11,0.208,0.909,0.716,0.37,0.821,0.692,4,0.421,3.97,0.425,public services,,,,,False,0.4063,0.0285,0.552,0.0132,Institutional
900350,350,8,428453.583,4583899.96,6,244.13,67.86,15.29,23.41,2.916,5.65,37.4,228.85,Institutional,9,0.732,0.837,0.981,0.287,0.791,0.244,1,0.221,9.99,1.719,residential,1950-1962,2.0,488.3,1956.0,False,0.0511,0.5239,0.1455,0.2794,Amenities
900351,351,20,427999.658,4581934.78,6,43.67,24.51,5.8,9.77,2.048,9.09,47.6,10.0,Mixed-Use,2,0.92,0.715,0.973,0.973,0.541,0.947,2,0.27,3.33,0.908,residential,,,,,False,0.4994,0.0374,0.389,0.0742,Mixed-Use
900352,352,71,425077.311,4581468.224,6,751.01,120.51,26.68,33.53,1.127,9.39,198.17,167.99,Institutional,0,0.873,0.79,0.826,0.817,0.826,0.428,4,0.874,7.47,2.128,residential,,,,,True,0.2992,0.1662,0.5062,0.0284,Institutional
900353,353,58,427112.764,4584247.689,5,108.2,44.32,10.13,17.28,1.929,14.98,62.36,101.67,Residential,11,0.08,0.975,0.707,0.764,0.706,0.411,4,0.072,5.85,1.241,residential,,,,,False,0.0988,0.3932,0.222,0.2861,Amenities
900354,354,25,427760.812,4584104.502,5,73.44,32.9,6.04,9.08,2.934,2.59,145.43,104.42,Residential,8,0.358,0.974,0.949,0.655,0.589,0.867,0,0.875,10.1,1.37,residential,,,,,True,0.2702,0.586,0.0452,0.0986,Amenities
900355,355,76,428819.129,4583035.123,6,482.92,91.63,13.89,38.16,1.833,18.29,90.05,229.93,Institutional,0,0.253,0.878,0.903,0.278,0.922,0.391,0,0.63,9.1,1.405,residential,1975-1994,6.0,2897.5,1985.0,True,0.2244,0.0726,0.4841,0.2188,Institutional
900356,356,14,426704.556,4581906.107,6,142.62,53.98,11.51,12.87,2.971,14.12,29.29,163.54,Mixed-Use,5,0.029,0.813,0.891,0.908,0.58,0.918,3,0.37,6.76,1.589,residential,1963-1968,5.0,713.1,1965.0,False,0.025,0.4511,0.3515,0.1724,Amenities
900357,357,34,429678.148,4583948.021,6,110.62,38.39,8.97,18.34,1.778,9.63,219.95,195.41,Residential,10,0.999,0.905,0.889,0.239,0.983,0.958,3,0.671,5.83,1.258,residential,1975-1994,3.0,331.9,1985.0,True,0.1531,0.0262,0.7222,0.0984,Institutional
900358,358,52,427232.226,4580753.429,5,176.8,57.34,9.52,14.06,1.323,26.07,83.77,76.63,Mixed-Use,2,0.24,0.709,0.922,0.33,0.902,0.533,1,0.464,0.82,1.444,residential,,,,,False,0.1737,0.3754,0.2243,0.2266,Amenities
900359,359,6,425430.9,4581999.88,5,291.75,73.06,12.79,27.1,1.509,7.87,111.77,8.54,Mixed-Use,4,0.131,0.913,0.866,0.639,0.845,0.5,2,0.121,5.5,1.458,residential,<1950,3.0,875.2,1935.0,False,0.067,0.6144,0.2498,0.0688,Amenities
900360,360,65,427179.999,4582106.364,5,328.54,76.57,14.42,20.27,1.479,11.04,195.54,79.74,Amenities,10,0.653,0.861,0.702,0.625,0.923,0.451,3,0.247,1.4,1.387,residential,<1950,4.0,1314.2,1935.0,False,0.2811,0.0171,0.526,0.1757,Institutional
900361,361,26,429205.652,4580795.098,5,49.39,29.72,5.94,7.72,2.165,4.68,208.11,196.5,Amenities,3,0.179,0.918,0.9,0.989,0.716,0.996,3,0.594,1.3,0.89,residential,1950-1962,2.0,98.8,1956.0,True,0.0403,0.3279,0.2654,0.3664,Residential
900362,362,24,425940.473,4582016.22,5,734.2,106.12,17.03,34.64,1.319,13.12,41.95,63.53,Mixed-Use,7,0.234,0.996,0.858,0.495,0.843,0.375,3,0.556,3.04,1.853,residential,,,,,True,0.2323,0.3134,0.2952,0.1591,Amenities
900363,363,33,426612.452,4581838.199,5,316.55,64.45,12.34,19.39,1.717,7.71,82.54,55.91,Mixed-Use,11,0.071,0.906,0.907,0.817,0.875,1.073,4,0.222,7.36,0.429,residential,,,,,False,0.0518,0.0729,0.3379,0.5374,Residential
900364,364,39,429887.681,4580716.939,6,109.58,41.72,6.83,10.73,2.941,5.48,203.77,87.52,Mixed-Use,9,0.614,0.971,0.987,0.25,0.724,0.567,1,0.849,0.07,1.645,agriculture,1963-1968,2.0,219.2,1965.0,True,0.0965,0.0366,0.1833,0.6837,Residential
900365,365,42,425367.169,4580741.389,6,77.1,39.16,8.35,9.5,1.231,22.52,165.16,103.68,Institutional,6,0.704,0.822,0.847,0.228,0.83,0.268,1,0.803,8.17,0.646,public services,,,,,True,0.0327,0.3257,0.3394,0.3022,Institutional
900366,366,78,426694.449,4584827.592,5,68.36,34.08,6.5,8.82,2.305,5.94,58.99,192.83,Mixed-Use,0,0.67,0.984,0.708,0.946,0.814,1.182,0,0.457,6.33,1.867,residential,,,,,False,0.2814,0.217,0.2498,0.2518,Mixed-Use
900367,367,1,427196.905,4580343.784,5,163.81,49.57,11.53,22.32,1.453,7.06,221.44,40.72,Residential,11,0.287,0.997,0.86,0.907,0.742,0.648,3,0.869,7.68,2.028,residential,,,,,True,0.5381,0.1615,0.2238,0.0767,Mixed-Use
900368,368,36,427406.547,4580619.397,7,88.37,36.01,8.31,16.51,1.811,6.31,139.54,110.81,Mixed-Use,1,0.641,0.968,0.779,0.92,0.53,0.335,4,0.043,3.53,1.023,residential,1950-1962,2.0,176.7,1956.0,False,0.4778,0.1744,0.2515,0.0964,Mixed-Use
900369,369,53,427742.142,4584833.907,5,80.49,36.99,6.07,10.63,1.156,4.64,165.62,156.28,Mixed-Use,2,0.895,0.724,0.85,0.32,0.861,1.083,3,0.097,4.73,1.58,residential,<1950,2.0,161.0,1935.0,False,0.2655,0.4035,0.285,0.046,Amenities
900370,370,30,428425.228,4584751.634,5,284.01,74.39,14.03,25.66,2.509,9.41,148.13,63.97,Residential,10,0.249,0.723,0.978,0.538,0.581,0.98,4,0.228,6.85,1.769,residential,1975-1994,3.0,852.0,1985.0,False,0.0621,0.6106,0.1768,0.1506,Amenities
900371,371,26,426954.901,4581677.047,6,198.67,51.34,9.21,14.96,2.699,10.55,46.35,102.86,Mixed-Use,9,0.218,0.952,0.921,0.721,0.743,0.733,0,0.011,8.7,0.59,residential,,,,,False,0.1223,0.3792,0.0136,0.4849,Residential
900372,372,45,425172.428,4580513.947,6,108.24,38.34,7.29,14.18,2.517,8.54,33.67,36.4,Mixed-Use,11,0.818,0.938,0.739,0.719,0.747,0.917,4,0.875,6.96,1.715,residential,,,,,True,0.3122,0.1373,0.2386,0.3119,Mixed-Use
900373,373,43,426693.565,4583043.301,5,267.04,66.69,14.58,24.33,1.657,1.92,115.26,63.65,Mixed-Use,8,0.331,0.717,0.909,0.589,0.638,0.337,3,0.68,6.08,1.156,residential,1975-1994,1.0,267.0,1985.0,True,0.1791,0.5326,0.0053,0.283,Amenities
900374,374,57,425106.264,4582190.486,5,443.15,92.07,15.23,34.52,2.082,12.24,74.42,138.59,Amenities,4,0.907,0.721,0.957,0.75,0.541,0.771,1,0.587,2.7,1.005,residential,,,,,True,0.0339,0.6253,0.2874,0.0533,Amenities
900375,375,41,427504.474,4584760.285,5,61.83,33.58,7.0,13.46,1.627,5.8,227.41,92.91,Institutional,11,0.787,0.942,0.706,0.313,0.977,0.289,3,0.553,8.07,1.687,residential,,,,,True,0.3329,0.1446,0.1757,0.3468,Residential
900376,376,52,429345.672,4580641.677,5,91.59,40.61,6.63,10.22,2.959,3.6,209.52,108.35,Mixed-Use,7,0.117,0.794,0.895,0.56,0.837,0.527,4,0.262,0.54,0.714,residential,<1950,1.0,91.6,1935.0,False,0.0635,0.1373,0.2021,0.5971,Residential
900377,377,13,425421.015,4583891.084,5,315.48,78.13,16.63,25.37,1.854,9.79,243.64,213.59,Institutional,10,0.041,0.808,0.714,0.231,0.881,0.561,3,0.528,6.46,0.689,residential,,,,,True,0.1231,0.361,0.4277,0.0882,Institutional
900378,378,3,427033.762,4580124.172,5,263.79,61.91,14.18,26.75,2.637,9.58,67.9,27.38,Mixed-Use,0,0.794,0.817,0.873,0.654,0.637,0.691,0,0.243,6.34,0.649,residential,,,,,False,0.2683,0.0996,0.212,0.4201,Residential
900379,379,15,429565.322,4581038.265,7,177.92,55.38,12.11,16.09,1.18,3.96,101.73,152.24,Mixed-Use,0,0.45,0.706,0.775,0.609,0.589,0.521,4,0.791,6.14,1.593,residential,,,,,True,0.1907,0.3539,0.1208,0.3345,Amenities
900380,380,76,429151.519,4581502.643,6,376.13,77.94,18.39,22.8,2.894,27.38,183.12,127.4,Mixed-Use,6,0.078,0.864,0.934,0.932,0.817,0.632,0,0.078,11.73,1.231,residential,<1950,9.0,3385.2,1935.0,False,0.0202,0.065,0.5463,0.3686,Institutional
900381,381,68,428691.542,4580822.136,7,62.14,34.79,6.48,14.03,2.77,3.61,94.11,42.51,Mixed-Use,8,0.882,0.735,0.818,0.262,0.829,0.554,2,0.438,9.85,2.067,public services,,,,,False,0.2137,0.0279,0.4224,0.3361,Institutional
900382,382,37,428553.127,4583974.852,5,45.45,30.79,4.74,10.5,2.381,2.71,154.24,95.19,Mixed-Use,1,0.02,0.894,0.859,0.973,0.857,0.229,4,0.537,1.96,0.537,industrial,,,,,True,0.058,0.1732,0.313,0.4557,Residential
900383,383,69,425038.584,4580867.941,5,74.2,38.13,6.77,9.73,1.964,3.73,230.07,43.22,Amenities,8,0.713,0.729,0.79,0.957,0.854,1.074,3,0.856,2.02,1.196,residential,,,,,True,0.1738,0.0268,0.5834,0.216,Institutional
900384,384,57,427178.784,4582303.732,5,163.7,53.28,7.8,14.88,2.359,15.35,230.02,61.74,Mixed-Use,5,0.524,0.987,0.876,0.874,0.64,0.597,3,0.614,10.71,0.638,residential,,,,,True,0.5355,0.3909,0.0457,0.0279,Mixed-Use
900385,385,32,429447.374,4580646.711,6,78.5,40.04,6.89,13.09,2.672,6.38,72.87,143.78,Mixed-Use,2,0.512,0.953,0.788,0.874,0.974,0.246,0,0.006,11.91,1.887,public services,,,,,False,0.0197,0.0355,0.8496,0.0951,Institutional
900386,386,48,428611.067,4583880.078,6,100.51,37.2,7.62,16.31,1.266,5.73,26.55,186.36,Amenities,0,0.836,0.921,0.758,0.323,0.744,1.198,3,0.671,2.3,0.996,residential,,,,,True,0.4847,0.3792,0.1017,0.0344,Mixed-Use
900387,387,8,426759.698,4583356.356,5,68.03,34.47,5.11,14.54,2.35,6.79,174.56,174.16,Institutional,11,0.659,0.709,0.815,0.974,0.855,0.321,0,0.497,11.77,0.71,residential,,,,,False,0.3216,0.122,0.2774,0.279,Mixed-Use
900388,388,14,427802.981,4580245.012,5,90.35,42.71,6.07,13.75,2.106,5.06,179.11,99.36,Mixed-Use,9,0.621,0.844,0.755,0.629,0.85,0.956,2,0.498,11.3,1.453,residential,1950-1962,2.0,180.7,1956.0,False,0.1286,0.1043,0.2018,0.5653,Residential
900389,389,7,428095.893,4580898.244,5,66.43,34.64,6.98,9.75,2.267,4.81,57.1,193.28,Mixed-Use,4,0.868,0.769,0.784,0.706,0.951,1.081,1,0.253,7.65,0.445,residential,,,,,False,0.3899,0.3314,0.1236,0.155,Mixed-Use
900390,390,80,429318.243,4583123.69,5,199.13,59.22,8.78,16.95,1.521,4.94,110.83,168.6,Mixed-Use,4,0.919,0.814,0.748,0.433,0.812,0.562,2,0.26,8.91,2.025,residential,,,,,False,0.2275,0.15,0.2465,0.376,Residential
900391,391,1,427743.242,4582112.531,5,280.31,68.77,12.66,29.99,2.83,10.37,118.38,42.42,Mixed-Use,6,0.635,0.867,0.865,0.702,0.842,1.018,3,0.574,0.38,1.78,residential,,,,,True,0.2861,0.207,0.317,0.1899,Institutional
900392,392,63,429271.797,4581510.558,7,101.05,37.06,7.28,17.29,2.019,12.32,164.2,128.95,Institutional,11,0.908,0.918,0.768,0.326,0.592,1.146,1,0.692,1.94,1.34,industrial,,,,,True,0.4544,0.1688,0.0671,0.3096,Mixed-Use
900393,393,68,428684.119,4583148.275,5,125.74,41.79,6.77,16.23,2.148,3.93,221.94,116.9,Amenities,5,0.481,0.875,0.769,0.532,0.717,0.357,2,0.386,6.17,1.071,residential,,,,,False,0.2187,0.12,0.2751,0.3862,Residential
900394,394,54,429983.567,4584421.393,7,93.24,42.03,6.08,13.47,2.198,8.02,221.17,141.43,Mixed-Use,0,0.1,0.751,0.738,0.809,0.859,0.928,4,0.431,0.65,0.752,public services,,,,,False,0.1466,0.075,0.338,0.4405,Residential
900395,395,47,426706.029,4582347.864,5,227.01,57.87,14.02,17.39,1.412,10.84,37.0,58.43,Mixed-Use,11,0.017,0.753,0.764,0.743,0.64,0.751,4,0.594,3.54,2.128,residential,,,,,True,0.2771,0.3101,0.3302,0.0825,Institutional
900396,396,22,427578.434,4581116.23,5,159.37,55.55,11.3,17.23,1.312,3.88,186.21,84.41,Mixed-Use,11,0.037,0.871,0.772,0.966,0.615,0.865,4,0.332,0.12,1.484,residential,1975-1994,1.0,159.4,1985.0,False,0.302,0.3685,0.2718,0.0578,Amenities
900397,397,39,428155.085,4582669.606,6,531.3,85.15,16.29,36.28,2.257,5.33,132.73,81.72,Mixed-Use,1,0.961,0.779,0.995,0.327,0.844,0.706,3,0.45,10.32,2.123,residential,>1994,2.0,1062.6,2004.0,False,0.0502,0.7631,0.13,0.0567,Amenities
900398,398,16,425074.402,4582980.904,5,61.78,34.36,6.97,9.25,1.4,3.97,184.78,234.23,Mixed-Use,0,0.141,0.889,0.899,0.448,0.529,0.418,2,0.263,6.49,0.442,residential,1975-1994,1.0,61.8,1985.0,False,0.1249,0.3566,0.2222,0.2963,Amenities
900399,399,9,427695.807,4581047.88,7,198.34,56.95,9.24,18.01,1.297,3.46,35.0,5.52,Residential,10,0.053,0.753,0.705,0.843,0.906,0.219,4,0.075,8.09,1.245,residential,,,,,False,0.3428,0.1766,0.0998,0.3808,Residential
900400,400,8,427350.318,4583660.735,5,211.7,64.08,12.97,18.48,2.135,7.43,68.0,154.89,Mixed-Use,10,0.971,0.952,0.85,0.42,0.535,0.945,4,0.111,6.98,0.663,office,,,,,False,0.1539,0.4838,0.1075,0.2548,Amenities
